m,factorization,status,P_Rm,distinct_prime_factors,prime_factors_with_multiplicity
2,11,PROVEN,2,1,1
3,3 * 37,PROVEN,13,2,2
4,11 * 101,PROVEN,4,2,2
5,41 * 271,PROVEN,15,2,2
6,3 * 7 * 11 * 13 * 37,PROVEN,26,5,5
7,239 * 4649,PROVEN,37,2,2
8,11 * 73 * 101 * 137,PROVEN,25,4,4
9,3^2 * 37 * 333667,PROVEN,44,3,4
10,11 * 41 * 271 * 9091,PROVEN,36,4,4
11,21649 * 513239,PROVEN,45,2,2
12,3 * 7 * 11 * 13 * 37 * 101 * 9901,PROVEN,47,7,7
13,53 * 79 * 265371653,PROVEN,62,3,3
14,11 * 239 * 4649 * 909091,PROVEN,67,4,4
15,3 * 31 * 37 * 41 * 271 * 2906161,PROVEN,57,6,6
16,11 * 17 * 73 * 101 * 137 * 5882353,PROVEN,67,6,6
17,2071723 * 5363222357,PROVEN,60,2,2
18,3^2 * 7 * 11 * 13 * 19 * 37 * 52579 * 333667,PROVEN,95,8,9
19,1111111111111111111,PROVEN,19,1,1
20,11 * 41 * 101 * 271 * 3541 * 9091 * 27961,PROVEN,76,7,7
21,3 * 37 * 43 * 239 * 1933 * 4649 * 10838689,PROVEN,116,7,7
22,11^2 * 23 * 4093 * 8779 * 21649 * 513239,PROVEN,101,6,7
23,11111111111111111111111,PROVEN,23,1,1
24,3 * 7 * 11 * 13 * 37 * 73 * 101 * 137 * 9901 * 99990001,PROVEN,105,10,10
25,41 * 271 * 21401 * 25601 * 182521213001,PROVEN,63,5,5
26,11 * 53 * 79 * 859 * 265371653 * 1058313049,PROVEN,120,6,6
27,3^3 * 37 * 757 * 333667 * 440334654777631,PROVEN,130,5,7
28,11 * 29 * 101 * 239 * 281 * 4649 * 909091 * 121499449,PROVEN,134,8,8
29,3191 * 16763 * 43037 * 62003 * 77843839397,PROVEN,133,5,5
30,3 * 7 * 11 * 13 * 31 * 37 * 41 * 211 * 241 * 271 * 2161 * 9091 * 2906161,PROVEN,110,13,13
31,2791 * 6943319 * 57336415063790604359,PROVEN,140,3,3
32,11 * 17 * 73 * 101 * 137 * 353 * 449 * 641 * 1409 * 69857 * 5882353,PROVEN,155,11,11
33,3 * 37 * 67 * 21649 * 513239 * 1344628210313298373,PROVEN,141,6,6
34,11 * 103 * 4013 * 2071723 * 5363222357 * 21993833369,PROVEN,130,6,6
35,41 * 71 * 239 * 271 * 4649 * 123551 * 102598800232111471,PROVEN,132,7,7
36,3^2 * 7 * 11 * 13 * 19 * 37 * 101 * 9901 * 52579 * 333667 * 999999000001,PROVEN,171,11,12
37,2028119 * 247629013 * 2212394296770203368013,PROVEN,137,3,3
38,11 * 909090909090909091 * 1111111111111111111,PROVEN,103,3,3
39,3 * 37 * 53 * 79 * 265371653 * 900900900900990990990991,PROVEN,184,6,6
40,11 * 41 * 73 * 101 * 137 * 271 * 3541 * 9091 * 27961 * 1676321 * 5964848081,PROVEN,176,11,11
41,83 * 1231 * 538987 * 201763709900322803748657942361,PROVEN,182,4,4
42,3 * 7^2 * 11 * 13 * 37 * 43 * 127 * 239 * 1933 * 2689 * 4649 * 459691 * 909091 * 10838689,PROVEN,233,14,15
43,173 * 1527791 * 1963506722254397 * 2140992015395526641,PROVEN,188,4,4
44,11^2 * 23 * 89 * 101 * 4093 * 8779 * 21649 * 513239 * 1052788969 * 1056689261,PROVEN,219,10,11
45,3^2 * 31 * 37 * 41 * 271 * 238681 * 333667 * 2906161 * 4185502830133110721,PROVEN,171,9,10
46,11 * 47 * 139 * 2531 * 549797184491917 * 11111111111111111111111,PROVEN,145,6,6
47,35121409 * 316362908763458525001406154038726382279,PROVEN,186,2,2
48,3 * 7 * 11 * 13 * 17 * 37 * 73 * 101 * 137 * 9901 * 5882353 * 99990001 * 9999999900000001,PROVEN,220,13,13
49,239 * 4649 * 505885997 * 1976730144598190963568023014679333,PROVEN,245,4,4
50,11 * 41 * 251 * 271 * 5051 * 9091 * 21401 * 25601 * 182521213001 * 78875943472201,PROVEN,170,10,10
51,3 * 37 * 613 * 210631 * 2071723 * 52986961 * 5363222357 * 13168164561429877,PROVEN,221,8,8
52,11 * 53 * 79 * 101 * 521 * 859 * 265371653 * 1058313049 * 1900381976777332243781,PROVEN,228,9,9
53,107 * 1659431 * 1325815267337711173 * 47198858799491425660200071,PROVEN,232,4,4
54,3^3 * 7 * 11 * 13 * 19 * 37 * 757 * 52579 * 333667 * 70541929 * 14175966169 * 440334654777631,PROVEN,273,12,14
55,41 * 271 * 1321 * 21649 * 62921 * 513239 * 83251631 * 1300635692678058358830121,PROVEN,216,8,8
56,11 * 29 * 73 * 101 * 137 * 239 * 281 * 4649 * 7841 * 909091 * 121499449 * 127522001020150503761,PROVEN,225,12,12
57,3 * 37 * 21319 * 10749631 * 1111111111111111111 * 3931123022305129377976519,PROVEN,179,6,6
58,11 * 59 * 3191 * 16763 * 43037 * 62003 * 77843839397 * 154083204930662557781201849,PROVEN,259,8,8
59,2559647034361 * 4340876285657460212144534289928559826755746751,PROVEN,276,2,2
60,3 * 7 * 11 * 13 * 31 * 37 * 41 * 61 * 101 * 211 * 241 * 271 * 2161 * 3541 * 9091 * 9901 * 27961 * 2906161 * 4188901 * 39526741,PROVEN,244,20,20
61,733 * 4637 * 329401 * 974293 * 1360682471 * 106007173861643 * 7061709990156159479,PROVEN,272,7,7
62,11 * 2791 * 6943319 * 57336415063790604359 * 909090909090909090909090909091,PROVEN,278,5,5
63,3^2 * 37 * 43 * 239 * 1933 * 4649 * 10837 * 23311 * 45613 * 333667 * 10838689 * 45121231 * 1921436048294281,PROVEN,278,13,14
64,11 * 17 * 73 * 101 * 137 * 353 * 449 * 641 * 1409 * 19841 * 69857 * 976193 * 5882353 * 6187457 * 834427406578561,PROVEN,321,15,15
65,41 * 53 * 79 * 271 * 265371653 * 162503518711 * 5538396997364024056286510640780600481,PROVEN,277,7,7
66,3 * 7 * 11^2 * 13 * 23 * 37 * 67 * 4093 * 8779 * 21649 * 513239 * 599144041 * 183411838171 * 1344628210313298373,PROVEN,291,14,15
67,493121 * 79863595778924342083 * 28213380943176667001263153660999177245677,PROVEN,311,3,3
68,11 * 101 * 103 * 4013 * 2071723 * 28559389 * 1491383821 * 5363222357 * 21993833369 * 2324557465671829,PROVEN,297,10,10
69,3 * 37 * 277 * 203864078068831 * 11111111111111111111111 * 1595352086329224644348978893,PROVEN,255,6,6
70,11 * 41 * 71 * 239 * 271 * 4649 * 9091 * 123551 * 909091 * 4147571 * 102598800232111471 * 265212793249617641,PROVEN,287,12,12
71,241573142393627673576957439049 * 45994811347886846310221728895223034301839,PROVEN,324,2,2
72,3^2 * 7 * 11 * 13 * 19 * 37 * 73 * 101 * 137 * 3169 * 9901 * 52579 * 98641 * 333667 * 99990001 * 999999000001 * 3199044596370769,PROVEN,358,17,18
73,12171337159 * 1855193842151350117 * 49207341634646326934001739482502131487446637,PROVEN,291,3,3
74,11 * 7253 * 2028119 * 247629013 * 422650073734453 * 296557347313446299 * 2212394296770203368013,PROVEN,300,7,7
75,3 * 31 * 37 * 41 * 151 * 271 * 4201 * 21401 * 25601 * 2906161 * 182521213001 * 15763985553739191709164170940063151,PROVEN,270,12,12
76,11 * 101 * 722817036322379041 * 909090909090909091 * 1111111111111111111 * 1369778187490592461,PROVEN,269,6,6
77,239 * 4649 * 5237 * 21649 * 42043 * 513239 * 29920507 * 136614668576002329371496447555915740910181043,PROVEN,334,8,8
78,3 * 7 * 11 * 13^2 * 37 * 53 * 79 * 157 * 859 * 6397 * 216451 * 265371653 * 1058313049 * 388847808493 * 900900900900990990990991,PROVEN,384,15,16
79,317 * 6163 * 10271 * 307627 * 49172195536083790769 * 3660574762725521461527140564875080461079917,PROVEN,349,6,6
80,11 * 17 * 41 * 73 * 101 * 137 * 271 * 3541 * 9091 * 27961 * 1676321 * 5070721 * 5882353 * 5964848081 * 19721061166646717498359681,PROVEN,364,15,15
81,3^4 * 37 * 163 * 757 * 9397 * 333667 * 2462401 * 440334654777631 * 676421558270641 * 130654897808007778425046117,PROVEN,372,10,13
82,11 * 83 * 1231 * 538987 * 2670502781396266997 * 3404193829806058997303 * 201763709900322803748657942361,PROVEN,380,7,7
83,3367147378267 * 9512538508624154373682136329 * 346895716385857804544741137394505425384477,PROVEN,388,3,3
84,3 * 7^2 * 11 * 13 * 29 * 37 * 43 * 101 * 127 * 239 * 281 * 1933 * 2689 * 4649 * 9901 * 226549 * 459691 * 909091 * 10838689 * 121499449 * 4458192223320340849,PROVEN,420,21,22
85,41 * 271 * 2071723 * 262533041 * 5363222357 * 8119594779271 * 4222100119405530170179331190291488789678081,PROVEN,338,7,7
86,11 * 173 * 1527791 * 57009401 * 2182600451 * 1963506722254397 * 2140992015395526641 * 7306116556571817748755241,PROVEN,357,8,8
87,3 * 37 * 3191 * 4003 * 16763 * 43037 * 62003 * 72559 * 77843839397 * 310170251658029759045157793237339498342763245483,PROVEN,392,10,10
88,11^2 * 23 * 73 * 89 * 101 * 137 * 617 * 4093 * 8779 * 21649 * 513239 * 1052788969 * 1056689261 * 16205834846012967584927082656402106953,PROVEN,418,14,15
89,497867 * 103733951 * 104984505733 * 5078554966026315671444089 * 403513310222809053284932818475878953159,PROVEN,404,5,5
90,3^2 * 7 * 11 * 13 * 19 * 31 * 37 * 41 * 211 * 241 * 271 * 2161 * 9091 * 29611 * 52579 * 238681 * 333667 * 2906161 * 3762091 * 8985695684401 * 4185502830133110721,PROVEN,382,21,22
91,53 * 79 * 239 * 547 * 4649 * 14197 * 17837 * 4262077 * 265371653 * 43442141653 * 316877365766624209 * 110742186470530054291318013,PROVEN,402,12,12
92,11 * 47 * 101 * 139 * 1289 * 2531 * 18371524594609 * 549797184491917 * 11111111111111111111111 * 4181003300071669867932658901,PROVEN,344,10,10
93,3 * 37 * 2791 * 6943319 * 57336415063790604359 * 900900900900900900900900900900990990990990990990990990990991,PROVEN,424,6,6
94,11 * 6299 * 35121409 * 4855067598095567 * 297262705009139006771611927 * 316362908763458525001406154038726382279,PROVEN,412,6,6
95,41 * 191 * 271 * 59281 * 63841 * 1111111111111111111 * 1289981231950849543985493631 * 965194617121640791456070347951751,PROVEN,374,8,8
96,3 * 7 * 11 * 13 * 17 * 37 * 73 * 97 * 101 * 137 * 353 * 449 * 641 * 1409 * 9901 * 69857 * 206209 * 5882353 * 99990001 * 66554101249 * 75118313082913 * 9999999900000001,PROVEN,438,22,22
97,12004721 * 846035731396919233767211537899097169 * 109399846855370537540339266842070119107662296580348039,PROVEN,437,3,3
98,11 * 197 * 239 * 4649 * 909091 * 505885997 * 1976730144598190963568023014679333 * 5076141624365532994918781726395939035533,PROVEN,480,8,8
99,3^2 * 37 * 67 * 199 * 397 * 21649 * 34849 * 333667 * 513239 * 1344628210313298373 * 362853724342990469324766235474268869786311886053883,PROVEN,491,11,12
100,11 * 41 * 101 * 251 * 271 * 3541 * 5051 * 9091 * 21401 * 25601 * 27961 * 60101 * 7019801 * 182521213001 * 14103673319201 * 78875943472201 * 1680588011350901,PROVEN,341,17,17
101,4531530181816613234555190841 * 129063282232848961951985354966759 * 18998088572819375252842078421374368604969,PROVEN,478,3,3
102,3 * 7 * 11 * 13 * 37 * 103 * 613 * 4013 * 210631 * 2071723 * 52986961 * 5363222357 * 21993833369 * 291078844423 * 13168164561429877 * 377526955309799110357,PROVEN,457,16,16
103,1031 * 7034077 * 153211620887015423991278431667808361439217294295901387715486473457925534859044796980526236853,PROVEN,464,3,3
104,11 * 53 * 73 * 79 * 101 * 137 * 521 * 859 * 1580801 * 265371653 * 1058313049 * 1900381976777332243781 * 632527440202150745090622412245443923049201,PROVEN,409,13,13
105,3 * 31 * 37 * 41 * 43 * 71 * 239 * 271 * 1933 * 4649 * 123551 * 2906161 * 10838689 * 30703738801 * 625437743071 * 102598800232111471 * 57802050308786191965409441,PROVEN,441,17,17
106,11 * 107 * 1659431 * 1325815267337711173 * 47198858799491425660200071 * 9090909090909090909090909090909090909090909090909091,PROVEN,469,6,6
107,643 * 999809 * 9885089 * 215257037 * 2386760191 * 511399538427507881 * 646826950155548399 * 10288079467222538791302311556310051849,PROVEN,508,8,8
108,3^3 * 7 * 11 * 13 * 19 * 37 * 101 * 109 * 757 * 9901 * 52579 * 153469 * 333667 * 70541929 * 14175966169 * 999999000001 * 440334654777631 * 59779577156334533866654838281,PROVEN,541,18,20
109,1192679 * 712767480971213008079 * 5295275348767234696493 * 246829743984355435962408390910378218537282105150086881669547,PROVEN,518,4,4
110,11^2 * 23 * 41 * 271 * 331 * 1321 * 4093 * 5171 * 8779 * 9091 * 21649 * 62921 * 513239 * 83251631 * 20163494891 * 318727841165674579776721 * 1300635692678058358830121,PROVEN,480,17,18
111,3 * 37^2 * 2028119 * 247629013 * 30557051518647307 * 2212394296770203368013 * 8845981170865629119271997 * 90077814396055017938257237117,PROVEN,487,8,9
112,11 * 17 * 29 * 73 * 101 * 113 * 137 * 239 * 281 * 4649 * 7841 * 909091 * 5882353 * 121499449 * 73765755896403138401 * 127522001020150503761 * 119968369144846370226083377,PROVEN,491,17,17
113,227 * 908191467191 * 53895712312217719065267103426685397298498705173449226555003346881878523705781079015749721646701723,PROVEN,507,3,3
114,3 * 7 * 11 * 13 * 37 * 21319 * 1458973 * 10749631 * 909090909090909091 * 1111111111111111111 * 3931123022305129377976519 * 753201806271328462547977919407,PROVEN,447,12,12
115,41 * 271 * 31511 * 19707665921 * 20414137203567631 * 11111111111111111111111 * 5799951513941382144830754391 * 122403569491783662720773144041,PROVEN,405,8,8
116,11 * 59 * 101 * 349 * 3191 * 16763 * 38861 * 43037 * 62003 * 618049 * 77843839397 * 154083204930662557781201849 * 11811806375201836408679635736258669583187541,PROVEN,534,13,13
117,3^2 * 37 * 53 * 79 * 333667 * 265371653 * 240396841140769 * 537947698126879 * 3352825314499987 * 900900900900990990990991 * 2304017384484085131816292573,PROVEN,561,11,12
118,11 * 1889 * 2559647034361 * 1090805842068098677837 * 4411922770996074109644535362851087 * 4340876285657460212144534289928559826755746751,PROVEN,559,6,6
119,239 * 4649 * 923441 * 2071723 * 5363222357 * 3924966376871 * 768736559421401249042753476963 * 323012942148562751650814544437350454640448842187,PROVEN,523,8,8
120,3 * 7 * 11 * 13 * 31 * 37 * 41 * 61 * 73 * 101 * 137 * 211 * 241 * 271 * 2161 * 3541 * 9091 * 9901 * 27961 * 1676321 * 2906161 * 4188901 * 39526741 * 99990001 * 5964848081 * 100009999999899989999000000010001,PROVEN,526,26,26
121,15973 * 21649 * 38237 * 274187 * 513239 * 597149176209530412360795391497657340159943421992502538230831481682232969649167277637825641074323,PROVEN,553,6,6
122,11 * 733 * 4637 * 81131 * 329401 * 974293 * 1360682471 * 106007173861643 * 7061709990156159479 * 11205222530116836855321528257890437575145023592596037161,PROVEN,506,10,10
123,3 * 37 * 83 * 1231 * 538987 * 1811791 * 626920594693 * 9425856976319889649 * 201763709900322803748657942361 * 8414640003465161203119978906558054839526493,PROVEN,586,10,10
124,11 * 101 * 2791 * 2049349 * 6943319 * 57336415063790604359 * 909090909090909090909090909091 * 483128549554512237305554588359039822397307149685578249,PROVEN,570,8,8
125,41 * 271 * 751 * 21401 * 25601 * 1797655751 * 182521213001 * 176144543406001 * 42051775804956304559810859008305819975199677041099230574273451704628125001,PROVEN,491,9,9
126,3^2 * 7^2 * 11 * 13 * 19 * 37 * 43 * 127 * 239 * 1933 * 2689 * 4649 * 10837 * 23311 * 45613 * 52579 * 333667 * 459691 * 909091 * 5274739 * 10838689 * 45121231 * 1921436048294281 * 189772422673235585874485732659,PROVEN,624,24,26
127,18797 * 90679 * 651871849785243820958119684233142982170536938147349501049955875423544371888519632103159753836519854149224951224466197,PROVEN,608,3,3
128,11 * 17 * 73 * 101 * 137 * 353 * 449 * 641 * 1409 * 19841 * 69857 * 976193 * 5882353 * 6187457 * 1265011073 * 834427406578561 * 15343168188889137818369 * 515217525265213267447869906815873,PROVEN,618,18,18
129,3 * 37 * 173 * 1527791 * 210769832431 * 1963506722254397 * 2140992015395526641 * 407429732767505248479163 * 10490974994611747848197172839956039870723832569747,PROVEN,618,9,9
130,11 * 41 * 53 * 79 * 131 * 271 * 859 * 9091 * 265371653 * 1058313049 * 162503518711 * 5538396997364024056286510640780600481 * 8396862596258693901610602298557167100076327481,PROVEN,568,13,13
131,80173 * 109517 * 141811693 * 446790173 * 7370364319027 * 15594845538029429933 * 7317723970031057677693 * 131758351065116151205213 * 180222062287834025451247081,PROVEN,534,9,9
132,3 * 7 * 11^2 * 13 * 23 * 37 * 67 * 89 * 101 * 4093 * 8779 * 9901 * 21649 * 513239 * 599144041 * 1052788969 * 1056689261 * 5419170769 * 183411838171 * 789390798020221 * 2361000305507449 * 1344628210313298373,PROVEN,593,22,23
133,239 * 1597 * 4649 * 2021015460335957 * 1111111111111111111 * 278848299862043143754907679390585776516393006235209786029420958416508667488018611321233079,PROVEN,547,6,6
134,11 * 493121 * 79863595778924342083 * 28213380943176667001263153660999177245677 * 909090909090909090909090909090909090909090909090909090909090909091,PROVEN,611,5,5
135,3^3 * 31 * 37 * 41 * 271 * 757 * 238681 * 333667 * 1577071 * 2906161 * 16357951 * 310362841 * 258360989311 * 440334654777631 * 4185502830133110721 * 483418418597220677238517353915231961831,PROVEN,577,16,18
136,11 * 73 * 101 * 103 * 137 * 4013 * 2071723 * 28559389 * 152533657 * 1491383821 * 5363222357 * 21993833369 * 2324557465671829 * 65552746171882583264230070868884366877803237222654400793,PROVEN,608,14,14
137,2467 * 2535528323 * 1029879756928762117455431 * 140175894162990609843314797 * 12304388013741766748587780409670226810319992722055173127328805633899245853,PROVEN,632,5,5
138,3 * 7 * 11 * 13 * 37 * 47 * 139 * 277 * 2531 * 31051 * 143574021480139 * 203864078068831 * 549797184491917 * 11111111111111111111111 * 24649445347649059192745899 * 1595352086329224644348978893,PROVEN,589,16,16
139,119124859925363 * 9327281575040435942820030416618073853906181206383845973140973454310325710523151012873614569275960380714495413018734336834397,PROVEN,571,2,2
140,11 * 29 * 41 * 71 * 101 * 239 * 271 * 281 * 421 * 3541 * 4649 * 9091 * 27961 * 123551 * 909091 * 3471301 * 4147571 * 13489841 * 121499449 * 60368344121 * 102598800232111471 * 265212793249617641 * 848654483879497562821,PROVEN,612,23,23
141,3 * 37 * 283 * 35121409 * 721030498171501831 * 316362908763458525001406154038726382279 * 441506346488360048482114135141919313523563714948107161215664533500695867,PROVEN,562,7,7
142,11 * 290249 * 241573142393627673576957439049 * 45994811347886846310221728895223034301839 * 31321069464181068355415209323405389541706979493156189716729115659,PROVEN,639,5,5
143,53 * 79 * 21649 * 513239 * 2823679 * 180523201 * 265371653 * 47428676444591705727929369346443 * 37226581283489953701472184267606576037130878873797366013283473311751294203,PROVEN,653,9,9
144,3^2 * 7 * 11 * 13 * 17 * 19 * 37 * 73 * 101 * 137 * 3169 * 8929 * 9901 * 52579 * 98641 * 333667 * 5882353 * 99990001 * 999999000001 * 3199044596370769 * 9999999900000001 * 111994624258035614290513943330720125433979169,PROVEN,682,22,23
145,41 * 271 * 3191 * 16763 * 43037 * 62003 * 9605671 * 77843839397 * 15589280974996818911 * 80684370001269698853996151670133742711 * 744909731145732233993613931089059528977143716201,PROVEN,670,11,11
146,11 * 293 * 12171337159 * 1855193842151350117 * 10826684964539959837294043117 * 286578888976194997999922592330908602103011 * 49207341634646326934001739482502131487446637,PROVEN,664,7,7
147,3 * 37 * 43 * 239 * 1933 * 4649 * 63799 * 4715467 * 10838689 * 505885997 * 267652966241599 * 2603941883787374089 * 1976730144598190963568023014679333 * 4769337181464959147997704753876850429427,PROVEN,779,14,14
148,11 * 101 * 149 * 3109 * 7253 * 111149 * 2028119 * 247629013 * 708840373781 * 422650073734453 * 296557347313446299 * 669031686661427842829 * 2212394296770203368013 * 40548140514062774758071840361,PROVEN,618,14,14
149,12517 * 535596779200919 * 1657369267941336519589012993557140069891364992082365534700548884452551757186137655887808209563554371273008938334507277118593589757,PROVEN,718,3,3
150,3 * 7 * 11 * 13 * 31 * 37 * 41 * 151 * 211 * 241 * 251 * 271 * 2161 * 4201 * 5051 * 9091 * 21401 * 25601 * 2906161 * 182521213001 * 78875943472201 * 15763985553739191709164170940063151 * 10000099999999989999899999000000000100001,PROVEN,590,23,23
151,907 * 429360649 * 29877981480806017715604631 * 28656552837574546515657117360191971140211910788651135283 * 3332366532260724652058380106533605034666939213869789759449,PROVEN,676,5,5
152,11 * 73 * 101 * 137 * 457 * 1403417 * 722817036322379041 * 909090909090909091 * 1111111111111111111 * 1369778187490592461 * 5240808656722481737 * 297478330786365628414805305290302483555043017,PROVEN,596,12,12
153,3^2 * 37 * 307 * 613 * 18973 * 210631 * 333667 * 2071723 * 11910133 * 52986961 * 5363222357 * 25332185271529 * 13168164561429877 * 41331541464123787 * 13753721844250167674053932561585423251305429858083649,PROVEN,654,15,16
154,11^2 * 23 * 239 * 463 * 4093 * 4649 * 5237 * 8779 * 21649 * 24179 * 42043 * 513239 * 590437 * 909091 * 7444361 * 29920507 * 4539402627853030477 * 4924630160315726207887 * 136614668576002329371496447555915740910181043,PROVEN,681,19,20
155,41 * 271 * 311 * 2791 * 6943319 * 9294566806081 * 57336415063790604359 * 311356050778390853515194982157798457569542012969741683230780943655658473371697366138417141225623774416801,PROVEN,703,8,8
156,3 * 7 * 11 * 13^2 * 37 * 53 * 79 * 101 * 157 * 521 * 859 * 3121 * 6397 * 9901 * 216451 * 265371653 * 1058313049 * 388847808493 * 53397071018461 * 1900381976777332243781 * 900900900900990990990991 * 6060517860310398033985611921721,PROVEN,694,22,23
157,301670477 * 5180282664612031 * 11427999892821876397004936937893 * 62215843720305220554927390230621406393020456720568865828056666081536686988802881944531436460921074521,PROVEN,684,4,4
158,11 * 317 * 1423 * 6163 * 10271 * 307627 * 9615060929 * 49172195536083790769 * 3660574762725521461527140564875080461079917 * 66443174541490579097997510158021076958392938976011506949065646573,PROVEN,719,10,10
159,3 * 37 * 107 * 351391 * 1659431 * 3852774594841 * 1325815267337711173 * 185328247384490197483 * 47198858799491425660200071 * 359063423236660819432590808852669867324258623298339641467853849067,PROVEN,753,10,10
160,11 * 17 * 41 * 73 * 101 * 137 * 271 * 353 * 449 * 641 * 1409 * 3541 * 9091 * 27961 * 69857 * 1634881 * 1676321 * 5070721 * 5882353 * 18453761 * 5964848081 * 947147262401 * 19721061166646717498359681 * 349954396040122577928041596214187605761,PROVEN,737,24,24
161,239 * 4649 * 6763 * 472341157 * 11273170771131750391 * 11111111111111111111111 * 1626777403161656797092007877 * 15362898429170396757717888856328974146292496901433891193564055671816191643,PROVEN,679,8,8
162,3^4 * 7 * 11 * 13 * 19 * 37 * 163 * 757 * 1459 * 9397 * 52579 * 333667 * 2462401 * 70541929 * 2458921051 * 14175966169 * 440334654777631 * 676421558270641 * 456502382570032651 * 610600386089858349939139 * 130654897808007778425046117,PROVEN,753,21,24
163,5764066668537270911379761 * 403925722833778378107304989280994102850314855068615959021587563 * 477229173213473388632795854908402490998658711970854444982384399373804471077,PROVEN,782,3,3
164,11 * 83 * 101 * 1231 * 68389 * 538987 * 2670502781396266997 * 3404193829806058997303 * 201763709900322803748657942361 * 1447745997018511893740076606031686237538345362413531560645573104006506749609,PROVEN,735,10,10
165,3 * 31 * 37 * 41 * 67 * 271 * 1321 * 21649 * 62921 * 471241 * 513239 * 2906161 * 83251631 * 1344628210313298373 * 1300635692678058358830121 * 138267770127916457629034873443951 * 1703548913892494075097664562023844278044121,PROVEN,695,17,17
166,11 * 167 * 997 * 3565183 * 2097307081 * 3367147378267 * 7742098247001476863 * 9512538508624154373682136329 * 346895716385857804544741137394505425384477 * 943176903141330068482602900960294299878841,PROVEN,767,10,10
167,18843947 * 106811083848465643 * 37576897811119167463436962410483708090653 * 146908989237248828364468641124632904685419581272522285179978171763650878695905491026334988286452327947,PROVEN,811,4,4
168,3 * 7^2 * 11 * 13 * 29 * 37 * 43 * 73 * 101 * 127 * 137 * 239 * 281 * 1933 * 2689 * 4649 * 7841 * 9901 * 226549 * 459691 * 909091 * 10838689 * 99990001 * 121499449 * 11189053009 * 603812429055411913 * 4458192223320340849 * 127522001020150503761 * 148029423400750506553,PROVEN,722,29,30
169,53 * 79 * 11831 * 265371653 * 2709246550432452192307438140153898730002165574677 * 31198234389876128002952782212916694331889770402831700346290124318006436464972357735278842644511160852523,PROVEN,709,6,6
170,11 * 41 * 103 * 271 * 4013 * 9091 * 87211 * 2071723 * 262533041 * 787223761 * 5363222357 * 21993833369 * 8119594779271 * 4222100119405530170179331190291488789678081 * 160220794821014452066741918303580917664386555934641,PROVEN,700,15,15
171,3^2 * 37 * 21319 * 333667 * 10749631 * 1111111111111111111 * 229162071140015324614111 * 3931123022305129377976519 * 1104249349362995181144668003642191 * 3947804137986731797627485905950642878832197147481801,PROVEN,672,10,11
172,11 * 101 * 173 * 338669 * 1527791 * 57009401 * 2182600451 * 1963506722254397 * 2140992015395526641 * 7306116556571817748755241 * 2923500556298303355222653948542706598448925085853709961673200056984872843366529,PROVEN,762,11,11
173,347 * 21528169344472027 * 46194618816084982100679234312974236345786346173 * 32198046775720891593420454244946597764673353202694265726843479376953223792923910764829129134957786957553803,PROVEN,812,4,4
174,3 * 7 * 11 * 13 * 37 * 59 * 3191 * 4003 * 16763 * 43037 * 62003 * 72559 * 77843839397 * 638453709757 * 135080726389891 * 154083204930662557781201849 * 1274194732898148471766404179653 * 310170251658029759045157793237339498342763245483,PROVEN,811,18,18
175,41 * 71 * 239 * 271 * 4649 * 21401 * 25601 * 123551 * 182521213001 * 102598800232111471 * 18525843918490695886751 * 991474271662986957800680951 * 54442267778748734853078961420361450411594669214709944589849727424959801,PROVEN,788,13,13
176,11^2 * 17 * 23 * 73 * 89 * 101 * 137 * 617 * 4093 * 8779 * 21649 * 513239 * 5882353 * 10100113 * 1052788969 * 1056689261 * 16205834846012967584927082656402106953 * 9900879227786858424257223656804730798555422102713108259184822982673560177,PROVEN,804,18,19
177,3 * 37 * 3187 * 2559647034361 * 232199557797964905143390121842739619033812919 * 4340876285657460212144534289928559826755746751 * 121740076243906140440128328771750387895638651224514935329511899287347,PROVEN,814,7,7
178,11 * 179 * 497867 * 103733951 * 104984505733 * 12147237304901893 * 5078554966026315671444089 * 403513310222809053284932818475878953159 * 4180967272673252032291190917188955510245874180001164839931077197586653,PROVEN,792,9,9
179,359 * 36558961 * 4201521652717 * 352543640588653 * 571544047837540227171107263031017853607119654486278118381637405539602949994236278780111557713711574640626700398384915989416568503505447054089,PROVEN,786,5,5
180,3^2 * 7 * 11 * 13 * 19 * 31 * 37 * 41 * 61 * 101 * 181 * 211 * 241 * 271 * 2161 * 3541 * 9091 * 9901 * 27961 * 29611 * 52579 * 238681 * 333667 * 2906161 * 3762091 * 4188901 * 39526741 * 999999000001 * 8985695684401 * 4185502830133110721 * 4999437541453012143121 * 1105097795002994798105101,PROVEN,763,32,33
181,12671 * 28865519 * 995130761 * 16814655289 * 414479952329 * 438021653462960104992408987937518226776204485035693500552436618000325770192107907236498209863537528380608485764810227154150678965468226079,PROVEN,823,6,6
182,11 * 53 * 79 * 239 * 547 * 859 * 4649 * 14197 * 17837 * 909091 * 4262077 * 21705503 * 265371653 * 1058313049 * 43442141653 * 316877365766624209 * 110742186470530054291318013 * 50678387411703889101759125785290439894389920385627096501794498837,PROVEN,837,18,18
183,3 * 37 * 733 * 4637 * 329401 * 974293 * 2520277 * 1360682471 * 106007173861643 * 7061709990156159479 * 26384856922809741239246281240888980994567902544116187 * 13547962992518293065716754762428610038549464815707364291983209,PROVEN,855,12,12
184,11 * 47 * 73 * 101 * 137 * 139 * 1289 * 2393 * 2531 * 18371524594609 * 549797184491917 * 11111111111111111111111 * 4181003300071669867932658901 * 4178437150016715837818641871709193476807772628503969494400330129962348520684914375257,PROVEN,768,14,14
185,41 * 271 * 2028119 * 247629013 * 2212394296770203368013 * 6511230041186560022095681 * 1936570114827069923550119591 * 63441573295906607253783211246544893041361 * 1125062484076327146358129279546163004017888759508161,PROVEN,740,9,9
186,3 * 7 * 11 * 13 * 37 * 373 * 2791 * 44641 * 6943319 * 3590254957 * 57336415063790604359 * 909090909090909090909090909091 * 18381907262281244633158190677786966663091011 * 900900900900900900900900900900990990990990990990990990990991,PROVEN,847,14,14
187,21649 * 513239 * 2071723 * 143899867 * 5363222357 * 19886424182370875870239184131623563 * 3145034530723579145937004239074986159829340558413162283196978920507752212505544488447195053472169211817993845484117471,PROVEN,833,7,7
188,11 * 101 * 6299 * 45121 * 35121409 * 4855067598095567 * 297262705009139006771611927 * 316362908763458525001406154038726382279 * 2144906157509411684424913774078958939881 * 1023037643093214557651333120422980213172396059301,PROVEN,786,10,10
189,3^3 * 37 * 43 * 239 * 757 * 1933 * 4649 * 10837 * 23311 * 45613 * 333667 * 10838689 * 45121231 * 440334654777631 * 1921436048294281 * 878075126908698927928483 * 33030636037992147205820927521 * 34478740111713676828358390233178197591689889127137198507,PROVEN,880,18,20
190,11 * 41 * 191 * 271 * 9091 * 59281 * 63841 * 1812604116731 * 121450506296081 * 909090909090909091 * 1111111111111111111 * 1289981231950849543985493631 * 965194617121640791456070347951751 * 4996731930447843676185843959746621491531100801,PROVEN,779,14,14
191,4473297929 * 112103021940812743353521 * 22157070867225796885592763585328262489569972968246581871290190759966138800400415156501827001797032745294740404832373351030284459396524271152620265237784647679,PROVEN,837,3,3
192,3 * 7 * 11 * 13 * 17 * 37 * 73 * 97 * 101 * 137 * 193 * 353 * 449 * 641 * 769 * 1409 * 9901 * 19841 * 69857 * 206209 * 976193 * 5882353 * 6187457 * 99990001 * 66554101249 * 75118313082913 * 834427406578561 * 9999999900000001 * 1253224535459902849 * 53763491189967221358575546107279034709697,PROVEN,923,30,30
193,773 * 39373 * 561470969 * 639701219449517 * 4274417556076113498947 * 26409540111952717487908689681403 * 447798287131284928051408304965265782892174953181087929 * 2010734797237741296291807480478464451813538790168907747,PROVEN,924,8,8
194,11 * 12004721 * 102527361354613106010527 * 323338434891034089173475790125293 * 846035731396919233767211537899097169 * 27422699366054621683295623079471066588881 * 109399846855370537540339266842070119107662296580348039,PROVEN,846,7,7
195,3 * 31 * 37 * 41 * 53 * 79 * 271 * 1951 * 2906161 * 265371653 * 35081393881 * 162503518711 * 360924572424391 * 900900900900990990990991 * 5538396997364024056286510640780600481 * 44933275139025237741442164195375614371497219389368548160257661491391,PROVEN,855,16,16
196,11 * 29 * 101 * 197 * 239 * 281 * 4649 * 909091 * 121499449 * 505885997 * 1976730144598190963568023014679333 * 5076141624365532994918781726395939035533 * 999999999999990000000000000099999999999999000000000000009999999999999900000000000001,PROVEN,926,13,13
197,52009 * 79040479805615687465683 * 3599474961483053310878605135585111374469138078226023233589649293 * 750914105302558436752000930239222531800507092216032215426336586609291356367521996611125219417012181327241,PROVEN,800,4,4
198,3^2 * 7 * 11^2 * 13 * 19 * 23 * 37 * 67 * 199 * 397 * 4093 * 8779 * 21649 * 34849 * 52579 * 333667 * 513239 * 599144041 * 7093127053 * 183411838171 * 1344628210313298373 * 141122524877886182282233539317796144938305111168717 * 362853724342990469324766235474268869786311886053883,PROVEN,933,23,25
199,797 * 29453 * 2253079 * 21008411332176290590182609174580040662121810909787962004744874106431821734447340411991127851251006881567865355288584910608794705098365152866127635471781892711877278779909777694559002649,PROVEN,897,4,4
200,11 * 41 * 73 * 101 * 137 * 251 * 271 * 401 * 1201 * 1601 * 3541 * 5051 * 9091 * 21401 * 25601 * 27961 * 60101 * 1676321 * 7019801 * 5964848081 * 182521213001 * 14103673319201 * 78875943472201 * 1680588011350901 * 129694419029057750551385771184564274499075700947656757821537291527196801,PROVEN,795,25,25
201,3 * 37 * 1609 * 493121 * 2046166739518832881 * 79863595778924342083 * 28213380943176667001263153660999177245677 * 184976479633092931103313037835504355363361 * 1479324487468932812154772125499257696540643946328553680234277466780839,PROVEN,940,9,9
202,11 * 607 * 809 * 1213 * 1327067281 * 4531530181816613234555190841 * 129063282232848961951985354966759 * 18998088572819375252842078421374368604969 * 11500490394117824585468796003575163076836624586334794818271756072956027758946488969,PROVEN,958,9,9
203,239 * 3191 * 4649 * 16763 * 43037 * 62003 * 18620680471 * 77843839397 * 68616805173400502243 * 223072327648229020879 * 3157699606121412762302752567433818362194673059549755317723934675026306764122137710141583577297036456399624339368321893,PROVEN,890,11,11
204,3 * 7 * 11 * 13 * 37 * 101 * 103 * 409 * 613 * 3061 * 4013 * 9901 * 210631 * 2071723 * 5969449 * 28559389 * 52986961 * 134703241 * 1491383821 * 5363222357 * 21993833369 * 291078844423 * 225974065503889 * 2324557465671829 * 13168164561429877 * 377526955309799110357 * 44398000479007997569751764249,PROVEN,955,27,27
205,41^2 * 83 * 271 * 1231 * 275521 * 538987 * 21158848681 * 201763709900322803748657942361 * 37654445534598090531061637404570516695225922222356909916889395661871779838862063550827086195341481919418156260385301045484576632937146377914151,PROVEN,926,9,10
206,11 * 1031 * 1237 * 7034077 * 44092859 * 102860539 * 984385009 * 612053256358933 * 182725114866521155647161 * 1471865453993855302660887614137521979 * 153211620887015423991278431667808361439217294295901387715486473457925534859044796980526236853,PROVEN,934,11,11
207,3^2 * 37 * 277 * 333667 * 109908191603107 * 203864078068831 * 11111111111111111111111 * 1595352086329224644348978893 * 823799348530495507269035013254489287846904557 * 11033517351146841676953477818524172302174982813132058195800613488154982399,PROVEN,874,10,11
208,11 * 17 * 53 * 73 * 79 * 101 * 137 * 521 * 859 * 1249 * 49297 * 300977 * 648961 * 1580801 * 5882353 * 265371653 * 1058313049 * 249227787818677482257 * 1900381976777332243781 * 632527440202150745090622412245443923049201 * 333632766438409011274705987026407639670042305536743429073,PROVEN,906,21,21
209,21649 * 257489 * 513239 * 1246477 * 9269802917 * 1111111111111111111 * 42545662673095831743789692955596677 * 7110068196346820837739904403311442644029624388096114872110630392132468139502199423975998515225256644772351425095948672135483,PROVEN,902,8,8
210,3 * 7^2 * 11 * 13 * 31 * 37 * 41 * 43 * 71 * 127 * 211 * 239 * 241 * 271 * 1933 * 2161 * 2689 * 4649 * 9091 * 123551 * 459691 * 909091 * 2906161 * 4147571 * 10838689 * 29970369241 * 30703738801 * 625437743071 * 1661378260814161 * 102598800232111471 * 265212793249617641 * 18276168846821336356291 * 57802050308786191965409441,PROVEN,923,33,34
211,692624557324389620662782322677336711138108482588281739734375570506492391931849524636731866879 * 1604204037181898492842452177634233120825494895604445254059369227570068074354992595031636365651567169241873842145514809,PROVEN,958,2,2
212,11 * 101 * 107 * 1061 * 1659431 * 5051749 * 1325815267337711173 * 47198858799491425660200071 * 245391150214875249502685807421982149521 * 9090909090909090909090909090909090909090909090909091 * 75277048352808729626679875852901448034540173569840168229,PROVEN,939,11,11
213,3 * 37 * 853 * 1594093 * 1182534679 * 17469229933 * 241573142393627673576957439049 * 45994811347886846310221728895223034301839 * 3207204765158124268625370685855295391546144230356835105480172184838210549074340260617878555547119384441220344797,PROVEN,954,9,9
214,11 * 643 * 1499 * 28463 * 74687 * 392263 * 795653 * 999809 * 9885089 * 215257037 * 2386760191 * 511399538427507881 * 646826950155548399 * 10288079467222538791302311556310051849 * 9140689231828972552925524522037823147045937571379494322686226282352288670801988451,PROVEN,1021,15,15
215,41 * 173 * 271 * 431 * 1527791 * 1963506722254397 * 2140992015395526641 * 41398275939670867448911914339156680381343777006826487831 * 50441422688391875381007541515590983873234580366435672396194147589090888973689536137051068925751997547638790031,PROVEN,1009,9,9
216,3^3 * 7 * 11 * 13 * 19 * 37 * 73 * 101 * 109 * 137 * 757 * 3169 * 9901 * 52579 * 98641 * 153469 * 333667 * 70541929 * 99990001 * 14175966169 * 999999000001 * 440334654777631 * 3199044596370769 * 59779577156334533866654838281 * 1726290008991504500177463302688697 * 579276943498154282123686999881829009033,PROVEN,1072,26,28
217,239 * 2791 * 4649 * 3662093 * 6943319 * 57336415063790604359 * 51508652116008872412773338336289708669037765081397085489 * 4771259067994357827295015706518236562402590405360078794788425875641085920050990987953665487159134201753234137455073283,PROVEN,1001,8,8
218,11 * 1192679 * 3338786746233023 * 712767480971213008079 * 5295275348767234696493 * 14060959683864286267405933000927102019 * 19364383321148719295180578853325741855858987848620134943 * 246829743984355435962408390910378218537282105150086881669547,PROVEN,1014,8,8
219,3 * 37 * 439 * 2212293763 * 12171337159 * 1855193842151350117 * 49207341634646326934001739482502131487446637 * 39316310783659104892252157287077969239619734325044334592964583271 * 23593748551050409936688015200253053030029532433958916533719315706853,PROVEN,929,9,9
220,11^2 * 23 * 41 * 89 * 101 * 271 * 331 * 661 * 1321 * 3541 * 4093 * 5171 * 8779 * 9091 * 18041 * 21649 * 27961 * 62921 * 148721 * 513239 * 83251631 * 1052788969 * 1056689261 * 1121407321 * 20163494891 * 318727841165674579776721 * 1300635692678058358830121 * 1395900370916327245555441901 * 36380545029953205956377406702261,PROVEN,952,29,30
221,53 * 79 * 443 * 2071723 * 265371653 * 5363222357 * 1661422610776235605151630089 * 1222809112881054957482333784778500947505125605556339705344373826182388226051058385373807501056554769983252193191880010181453051182310767800176057994138047394190733,PROVEN,919,8,8
222,3 * 7 * 11 * 13 * 37^2 * 223 * 4663 * 7253 * 2028119 * 247629013 * 422650073734453 * 30557051518647307 * 296557347313446299 * 2212394296770203368013 * 8845981170865629119271997 * 90077814396055017938257237117 * 21606064498691505246200058094681 * 48911689110891303706174193415115219,PROVEN,953,18,19
223,2677 * 130975483 * 182458277086165261611622073457934047326239127722446775785510707991660410777011553955711177150186323623147 * 17368229177732231805147256066714183264991154918511149949617241469577819750176127225702594928776326210433043,PROVEN,964,4,4
224,11 * 17 * 29 * 73 * 101 * 113 * 137 * 239 * 281 * 353 * 449 * 641 * 673 * 1409 * 4649 * 7841 * 69857 * 909091 * 5882353 * 121499449 * 43735845217 * 73765755896403138401 * 127522001020150503761 * 119968369144846370226083377 * 217860610452031121598489279950204653537 * 155944009296214054100626916003794407157304353,PROVEN,970,26,26
225,3^2 * 31 * 37 * 41 * 151 * 271 * 4201 * 21401 * 25601 * 238681 * 333667 * 2906161 * 2002877551 * 182521213001 * 2636899200194401 * 4185502830133110721 * 97671987485517534751 * 15763985553739191709164170940063151 * 125899659866627764313267482289910001 * 15397758037201072346990165180076989140801,PROVEN,938,20,21
226,11 * 227 * 4973 * 4426889 * 908191467191 * 53895712312217719065267103426685397298498705173449226555003346881878523705781079015749721646701723 * 412943108813978385999641617982242667485519119709940711942693553709517240114281629255685010553886849303,PROVEN,1045,7,7
227,113136621886721 * 617431748093238554410874808506989442264783116181403206744221352101186333 * 159061592587323425117771471330677165732172663157935428592494153340689013866064831389024866905836001165382255194784215933028413820020114354227,PROVEN,922,3,3
228,3 * 7 * 11 * 13 * 37 * 101 * 229 * 2281 * 4789 * 9901 * 21319 * 1458973 * 10749631 * 304077901 * 52875286008709 * 722817036322379041 * 739653893349540289 * 909090909090909091 * 1111111111111111111 * 1369778187490592461 * 33950736420661075851541 * 3931123022305129377976519 * 753201806271328462547977919407,PROVEN,972,23,23
229,9161 * 43544351 * 9006996017757809392117 * 309245091230501839290246032319419817254710018988999484010015462259773448082908363381719172130645425224615612312393946983151847424897643586019077319815602109638853350013530483718142370478419550253,PROVEN,963,4,4
230,11 * 41 * 47 * 139 * 271 * 691 * 2531 * 9091 * 31511 * 19707665921 * 549797184491917 * 20414137203567631 * 11111111111111111111111 * 5799951513941382144830754391 * 122403569491783662720773144041 * 15918798843849477568899983937931966555877132981347465830696251648192619376266439940521,PROVEN,1025,16,16
231,3 * 37 * 43 * 67 * 239 * 1933 * 2311 * 4649 * 5237 * 21649 * 42043 * 513239 * 10838689 * 22187551 * 29920507 * 535212994471849 * 1344628210313298373 * 234904066377148960506871003 * 156813120797253579231191970121 * 1098029578649556602125589785304822700373 * 136614668576002329371496447555915740910181043,PROVEN,1015,21,21
232,11 * 59 * 73 * 101 * 137 * 233 * 349 * 3191 * 16763 * 38861 * 43037 * 62003 * 355193 * 618049 * 21591416633 * 77843839397 * 154083204930662557781201849 * 17468739848498438039329935679794457 * 11811806375201836408679635736258669583187541 * 320326994163169943384295066992439316655840979654890345228609,PROVEN,1125,20,20
233,467 * 47533 * 115081654907 * 89412401116867 * 42983757528467293 * 10857980200444401822643 * 20131492120828919814484857298874674155298711142397769181347 * 5177405013496032696555653672930372119330851039800407113118670148783657729571982520094965040866908976893,PROVEN,1052,8,8
234,3^2 * 7 * 11 * 13^2 * 19 * 37 * 53 * 79 * 157 * 859 * 6397 * 52579 * 216451 * 333667 * 461917 * 60034573 * 265371653 * 1058313049 * 388847808493 * 240396841140769 * 537947698126879 * 3352825314499987 * 900900900900990990990991 * 2304017384484085131816292573 * 36096800156828895568286578224818258719817914995401933354161,PROVEN,1144,25,27
235,41 * 271 * 35121409 * 518203357921 * 190893195970004711 * 1589908647339072250321 * 316362908763458525001406154038726382279 * 605431706028029946531059199512572282414786250085768871 * 94518941227657738924275388203289075281658118450062185929972854243729690463660471,PROVEN,1027,9,9
236,11 * 101 * 1889 * 430148941 * 2559647034361 * 1090805842068098677837 * 4411922770996074109644535362851087 * 4340876285657460212144534289928559826755746751 * 230175856669373992253976277974612031182496625023886807386072581333871027940087154579555293851089822885094561,PROVEN,1103,9,9
237,3 * 37 * 317 * 6163 * 10271 * 307627 * 90758677 * 49172195536083790769 * 1603873536486496162414778277997333003 * 3660574762725521461527140564875080461079917 * 6188975208492505209268886608725598925166783728988042084791755874926952500431775685466135397158979759267737179161,PROVEN,1166,11,11
238,11 * 103 * 239 * 4013 * 4649 * 909091 * 923441 * 2071723 * 1868879293 * 5363222357 * 21993833369 * 3924966376871 * 5673320472670315859129 * 768736559421401249042753476963 * 323012942148562751650814544437350454640448842187 * 103746647830421551242486430622636901002236971549990724717454338463,PROVEN,1046,16,16
239,479 * 142847911 * 383155477843726029783939406113226468701730728790004161 * 128780300340244872385688233345188210841783983757299260103530718169486826135819357 * 3290967632861131703281828943635774383301940171982919699073443165222894023742681701403432993547,PROVEN,1055,5,5
240,3 * 7 * 11 * 13 * 17 * 31 * 37 * 41 * 61 * 73 * 101 * 137 * 211 * 241 * 271 * 2161 * 3541 * 9091 * 9901 * 27961 * 1676321 * 2906161 * 4188901 * 5070721 * 5882353 * 39526741 * 99990001 * 1132716961 * 5964848081 * 9999999900000001 * 19721061166646717498359681 * 281259985248437790051014401 * 31388506438433752927908678241 * 100009999999899989999000000010001,PROVEN,1069,34,34
241,125997820213 * 6864117620760368762783548070444378476387203247067308861991 * 1284723718027907578308161847718833604584745675921223819698370321057736028110620211093158003640524870589886498093069906476856343743741576560078333050912151555369147240369917,PROVEN,1070,3,3
242,11^3 * 23 * 4093 * 4357 * 8779 * 15973 * 21649 * 25169 * 38237 * 274187 * 513239 * 1485397 * 102502981431359171598893 * 544471001372579296332291652675646774644208265246405598834086237345292487 * 597149176209530412360795391497657340159943421992502538230831481682232969649167277637825641074323,PROVEN,1120,15,17
243,3^5 * 37 * 163 * 757 * 9397 * 333667 * 2462401 * 440334654777631 * 676421558270641 * 411361786890737698932559 * 130654897808007778425046117 * 810316718654935254370114242173495345974018609204623064367629310709846283851718998731856856949061264781563433202832207926987960406521712613,PROVEN,1106,12,16
244,11 * 101 * 733 * 4637 * 81131 * 329401 * 974293 * 1587221 * 1360682471 * 81183810541 * 106007173861643 * 7061709990156159479 * 101444162656037151745878558385892753596849 * 11205222530116836855321528257890437575145023592596037161 * 75743388768260974116327848920184337528059461788181539337429709,PROVEN,1084,15,15
245,41 * 71 * 239 * 271 * 4649 * 123551 * 336737801 * 505885997 * 23609565631 * 102598800232111471 * 8274923251622825388807721 * 1976730144598190963568023014679333 * 74689140199104459031993110210054016743223513365511 * 203516044706214609477702993254172225288278166588115003201602386454909778841,PROVEN,1025,14,14
246,3 * 7 * 11 * 13 * 37 * 83 * 739 * 1231 * 148339 * 538987 * 1811791 * 16419517 * 626920594693 * 2670502781396266997 * 9425856976319889649 * 3404193829806058997303 * 201763709900322803748657942361 * 8414640003465161203119978906558054839526493 * 61051796035522969271171274876554178504544683763248923853725596423,PROVEN,1177,19,19
247,53 * 79 * 1483 * 265371653 * 1111111111111111111 * 1024516164479902988921 * 1299823520026173021751 * 153360717056181938148119886537684707068363643930609 * 2971556702876640935255606565452637114794219035365675458103437520005089301113114724921776357458078804454589852862831100843,PROVEN,1018,9,9
248,11 * 73 * 101 * 137 * 1489 * 2791 * 2049349 * 6943319 * 640543322297 * 27908132670449 * 57336415063790604359 * 384705444182230291105649 * 909090909090909090909090909091 * 483128549554512237305554588359039822397307149685578249 * 97645954668018846467287180866355758374263120864803042536883990817097,PROVEN,1152,15,15
249,3 * 37 * 4483 * 3367147378267 * 1413141919363039 * 9512538508624154373682136329 * 346895716385857804544741137394505425384477 * 79631228080621938573499710253940180960724841 * 3524445389714777887659796421466286321350017806951 * 50669696582521096493425697065918805986271011284126373,PROVEN,1153,10,10
250,11 * 41 * 251 * 271 * 751 * 5051 * 9091 * 21001 * 21401 * 25601 * 162251 * 1797655751 * 10893295001 * 182521213001 * 78875943472201 * 176144543406001 * 42051775804956304559810859008305819975199677041099230574273451704628125001 * 269409792871731627664586194662281233853701011108906726055753272681082282441709251,PROVEN,1000,18,18
252,3^2 * 7^2 * 11 * 13 * 19 * 29 * 37 * 43 * 101 * 127 * 239 * 281 * 1009 * 1933 * 2689 * 4649 * 9901 * 10837 * 23311 * 45613 * 52579 * 226549 * 333667 * 459691 * 909091 * 5274739 * 10838689 * 45121231 * 121499449 * 43266855241 * 999999000001 * 1921436048294281 * 4458192223320340849 * 189772422673235585874485732659 * 22906246896437231227899575633620139766044690040039603689929,PROVEN,1193,35,37
253,1013 * 3037 * 21649 * 513239 * 72932311 * 11111111111111111111111 * 2615313691182114927177553117 * 15337144509054922683782139071085174884729178110446537410955346468046918984257939956676555417200895329454341885545324780441678759583856137863709875957041814375385619768092793133653,PROVEN,1083,8,8
254,11 * 3557 * 18797 * 90679 * 857772733 * 1094479651 * 1125629957 * 616896149073719728613 * 10860110813777339731289 * 36099531273603138218699301565567581705151216702113889 * 651871849785243820958119684233142982170536938147349501049955875423544371888519632103159753836519854149224951224466197,PROVEN,1194,11,11
255,3 * 31 * 37 * 41 * 271 * 613 * 210631 * 2071723 * 2906161 * 52986961 * 262533041 * 5363222357 * 8119594779271 * 77967508765681 * 13168164561429877 * 17452955481423492661946457391 * 34194473116159546979818689031 * 4222100119405530170179331190291488789678081 * 2385503624916094046163570223793978575506412147454036200711,PROVEN,1117,19,19
256,11 * 17 * 73 * 101 * 137 * 257 * 353 * 449 * 641 * 1409 * 15361 * 19841 * 69857 * 453377 * 976193 * 5882353 * 6187457 * 1265011073 * 834427406578561 * 15343168188889137818369 * 515217525265213267447869906815873 * 55871187633753621225794775009016131346430842253464047463157158784732544216230781165223702155223678309562822667655169,PROVEN,1162,22,22
257,1017721 * 4271961427 * 668337078771358175173561511352921717498789809202021239 * 20681782035095012570348770193027967570464573338540010029348210640101028474215350858563 * 184891914325572583999103829191769397590949868815625664836282968378825198591804410927364026968229554369,PROVEN,1160,5,5
258,3 * 7 * 11 * 13 * 37 * 173 * 1527791 * 57009401 * 2182600451 * 210769832431 * 1963506722254397 * 2140992015395526641 * 407429732767505248479163 * 7306116556571817748755241 * 304768036847074491064894608014695867632997 * 3605696680890791382725432167911038465896663 * 10490974994611747848197172839956039870723832569747,PROVEN,1214,17,17
259,239 * 2591 * 4649 * 2028119 * 64638631 * 247629013 * 2212394296770203368013 * 3663802449983927390483 * 68941184253610253169908132923 * 21275128996491722859002093022312985327142638642172536870145797362098684878911034550744112751590889459613568328960512333236460772729637955527510585680280719,PROVEN,1153,10,10
260,11 * 41 * 53 * 79 * 101 * 131 * 271 * 521 * 859 * 3541 * 9091 * 27961 * 2311921 * 265371653 * 1058313049 * 162503518711 * 1031498834064949381 * 12763852652999774041 * 1900381976777332243781 * 12119730504567977254081 * 2737820036624672031089487008281 * 5538396997364024056286510640780600481 * 8396862596258693901610602298557167100076327481,PROVEN,1133,23,23
261,3^2 * 37 * 523 * 3191 * 4003 * 16763 * 43037 * 62003 * 72559 * 333667 * 670249 * 44974999 * 9113995243 * 77843839397 * 7299238406959 * 9136734149894295938064503769037 * 131108694538423601496731528051392288744803439 * 310170251658029759045157793237339498342763245483 * 795147384607512419909180910115029853603685148570876907,PROVEN,1223,19,20
262,11 * 263 * 80173 * 109517 * 141811693 * 446790173 * 1397382241 * 7370364319027 * 306662501757259 * 15594845538029429933 * 7317723970031057677693 * 131758351065116151205213 * 525786373041914526306757 * 180222062287834025451247081 * 112506283680098168752627601991569 * 1363608083180796048411168783196497071688492468691,PROVEN,1141,16,16
263,40199712048008930571428131875902950777477607917 * 44098347924570538726555032711112035074551402751062500493727027459523924634267 * 6267758127577332259078470898197707371104920617239537855165700322603688636346683832426409007658616045014902930862175109617951881840830949049,PROVEN,1138,3,3
264,3 * 7 * 11^2 * 13 * 23 * 37 * 67 * 73 * 89 * 101 * 137 * 617 * 2377 * 4093 * 8779 * 9901 * 16369 * 21649 * 432961 * 513239 * 99990001 * 599144041 * 1052788969 * 1056689261 * 5419170769 * 6796152793 * 24387741577 * 183411838171 * 789390798020221 * 2361000305507449 * 1344628210313298373 * 126197002179733470481 * 283830826522232279893972777 * 16205834846012967584927082656402106953,PROVEN,1223,34,35
265,41 * 107 * 271 * 1659431 * 1325815267337711173 * 47198858799491425660200071 * 116721153193946736160194298023751 * 77107617210954370104069968894119072505511691158429086125012492642916812022149182797672604495991177026837559497474202270574990595009382397953651406094225451401296484645995376241,PROVEN,1158,8,8
266,11 * 239 * 1597 * 4649 * 909091 * 2021015460335957 * 909090909090909091 * 1111111111111111111 * 247025236977306025681323889 * 61828645758322140842666144519962696417487 * 72021403933746126426491665754465510017877 * 278848299862043143754907679390585776516393006235209786029420958416508667488018611321233079,PROVEN,1144,12,12
267,3 * 37 * 9613 * 497867 * 103733951 * 104984505733 * 540913940517169 * 5078554966026315671444089 * 403513310222809053284932818475878953159 * 17325664671184692265593556093236354753889091916984839786843373136949346408767908517386284403996865926210851082169755833546074754110413766826738528679977268603,PROVEN,1284,10,10
268,11 * 101 * 269 * 4021 * 493121 * 260587121 * 79863595778924342083 * 94927228208573594069 * 28213380943176667001263153660999177245677 * 2302527353565357450759725122262880394277261 * 16071030565277594576986582552521799177065559188277159741 * 909090909090909090909090909090909090909090909090909090909090909091,PROVEN,1223,12,12
269,5418307589425009 * 44052813154697065841 * 2211459886311754779116554026679494335670326227547524190235297713426923019604371977151573671 * 21049467885882863359292923435418612162797347354260031537931625885952305968725402028665769829961961571593196933422283287799690503391927023385089,PROVEN,1232,4,4
270,3^3 * 7 * 11 * 13 * 19 * 31 * 37 * 41 * 211 * 241 * 271 * 757 * 2161 * 6481 * 9091 * 29611 * 52579 * 238681 * 333667 * 1577071 * 2906161 * 3762091 * 16357951 * 70541929 * 310362841 * 14175966169 * 258360989311 * 577603663291 * 8985695684401 * 31023833790241 * 440334654777631 * 4185502830133110721 * 483418418597220677238517353915231961831 * 8610583349234340055547908764091017276717091,PROVEN,1181,34,36
271,1627 * 56369 * 4790817014835738008638872886922952208975172696533 * 1048154349784751879382669983663641683212388646898930858425249862927198203812672579936297773867 * 2412652549938187690681862903302191659524200153033712268990822306244494738017616736234979312358033162119575067503362223427,PROVEN,1276,5,5
272,11 * 17^2 * 73 * 101 * 103 * 137 * 4013 * 2071723 * 5882353 * 28559389 * 152533657 * 1491383821 * 5363222357 * 13355595217 * 21993833369 * 2324557465671829 * 65552746171882583264230070868884366877803237222654400793 * 440441087557478776852171834625638618412949059374084837579531425633661269203803741415744566525108430933975383194546209,PROVEN,1234,18,19
273,3 * 37 * 43 * 53 * 79 * 239 * 547 * 1093 * 1933 * 4649 * 14197 * 17837 * 4262077 * 10838689 * 32786209 * 265371653 * 43442141653 * 139708570703521 * 316877365766624209 * 900900900900990990990991 * 110742186470530054291318013 * 5331924088485663758835996822909123141656859869805374791 * 41581922354501494989643248990038120073192746309334167880538170373,PROVEN,1261,23,23
274,11 * 2467 * 364393423 * 2535528323 * 117651465889 * 441651480271681 * 676321006412903 * 1029879756928762117455431 * 140175894162990609843314797 * 218801242136856556680173235529 * 3244569580634956101009646791013296826459859399717968478099 * 12304388013741766748587780409670226810319992722055173127328805633899245853,PROVEN,1260,12,12
275,41 * 271 * 1321 * 7151 * 15401 * 21401 * 21649 * 25601 * 59951 * 62921 * 513239 * 83251631 * 182521213001 * 1300635692678058358830121 * 2495283264895779020253203931608951 * 6069650333889644423896816835276507778804898705650161138729963603757211141984131085449988328049514249213169785004014797295919583814686411189300687347453551,PROVEN,1188,16,16
276,3 * 7 * 11 * 13 * 37 * 47 * 101 * 139 * 277 * 829 * 1289 * 2531 * 9901 * 31051 * 1569889 * 18371524594609 * 143574021480139 * 203864078068831 * 549797184491917 * 536430531035337769 * 757108543129939106221 * 11111111111111111111111 * 24649445347649059192745899 * 1595352086329224644348978893 * 4181003300071669867932658901 * 19108466176791400681292709171992566565029,PROVEN,1217,26,26
277,1016157022810759 * 102092644289739525085919338335107091799 * 327650532696035587659287570766072667236893650986365027 * 1791947410655996336975059053251127469487134368847917252099082548089 * 18241732237793449716631178477563590797706634026955480055027758012372774897134896974103171504923719886357,PROVEN,1312,5,5
278,11 * 557 * 2503 * 119124859925363 * 9327281575040435942820030416618073853906181206383845973140973454310325710523151012873614569275960380714495413018734336834397 * 652065570931334169846518762110895357104035953330623783530923329412897765703841859492780362601926814638167836591846272150911969126521,PROVEN,1184,6,6
279,3^2 * 37 * 2791 * 333667 * 6943319 * 18989357081041 * 57336415063790604359 * 1986554577939642346080445591065987383029299397551517 * 900900900900900900900900900900990990990990990990990990990991 * 26482240558849649428997839294200400073279400076391385974040639424711652653275956393124643579489053184768787972981533,PROVEN,1331,10,11
280,11 * 29 * 41 * 71 * 73 * 101 * 137 * 239 * 271 * 281 * 421 * 3541 * 4649 * 7841 * 9091 * 27961 * 123551 * 851761 * 909091 * 1676321 * 3471301 * 4147571 * 13489841 * 121499449 * 5964848081 * 60368344121 * 102598800232111471 * 265212793249617641 * 127522001020150503761 * 848654483879497562821 * 1174155661036370531158387153086358732085761158354280249987966107746175275693416345665039841,PROVEN,1216,31,31
281,563 * 2597610354323 * 380431988961690791 * 133355295524380732608674846305692470329 * 6094463724238514393536486476811741232272703852684691428123942057856885180480111114373298517228174199 * 24572667187030742323689266735632540756671723462383546166209137482283858012690253572647496100404508005527506599,PROVEN,1233,6,6
282,3 * 7 * 11 * 13 * 37 * 283 * 6299 * 344887 * 9127213 * 35121409 * 4855067598095567 * 721030498171501831 * 1160803383934463712259 * 297262705009139006771611927 * 316362908763458525001406154038726382279 * 30073566270559048948142559741512708796590524703892560552659 * 441506346488360048482114135141919313523563714948107161215664533500695867,PROVEN,1217,17,17
283,16809360945688609 * 42608585710315399434791772854102387791567329009634088723 * 14581234319103066028775672489693676585356108680217557645894667901188624395417379659379946959868199 * 106393446972507937991487601102703459244489736351074415614092465329980738832471825773491687393134429923461704971227,PROVEN,1368,4,4
284,11 * 101 * 569 * 7669 * 290249 * 380623849488714809 * 241573142393627673576957439049 * 7716926518833508778689508504941 * 93611382287513950329431625811490669 * 45994811347886846310221728895223034301839 * 82519882659061966708762483486719446639288430446081 * 31321069464181068355415209323405389541706979493156189716729115659,PROVEN,1344,12,12
285,3 * 31 * 37 * 41 * 191 * 271 * 21319 * 59281 * 63841 * 2906161 * 10749631 * 1111111111111111111 * 3931123022305129377976519 * 1289981231950849543985493631 * 18449288550044654139241919401 * 965194617121640791456070347951751 * 844267447094321323435601792968017601 * 219414044208440803345204019137889332111 * 324783939894016192422708375439566497511001,PROVEN,1152,19,19
286,11^2 * 23 * 53 * 79 * 859 * 4093 * 8779 * 21649 * 51767 * 513239 * 2823679 * 180523201 * 265371653 * 1058313049 * 22144088539 * 264752347289 * 104730101107272149081 * 47428676444591705727929369346443 * 34607524609209512562213651270561528862879196390936320471942325254862879783 * 37226581283489953701472184267606576037130878873797366013283473311751294203,PROVEN,1284,20,21
287,83 * 239 * 1231 * 1723 * 4649 * 538987 * 13365428707 * 1941851180301719 * 201763709900322803748657942361 * 386736023165016911595773048286586040278275120007787504683197800313250373 * 52040781690664633087476019587971179912361405549597272673699110341655196644796952133433276282056803909903743017483300968477469368178954534813,PROVEN,1285,11,11
288,3^2 * 7 * 11 * 13 * 17 * 19 * 37 * 73 * 97 * 101 * 137 * 353 * 449 * 641 * 1409 * 3169 * 8929 * 9901 * 13249 * 52579 * 69857 * 98641 * 206209 * 333667 * 1067329 * 5882353 * 99990001 * 66554101249 * 999999000001 * 75118313082913 * 3199044596370769 * 9999999900000001 * 111994624258035614290513943330720125433979169 * 70716147055257711374123575798428608590219877617672752248112085912824160137075376116481,PROVEN,1317,34,35
290,11 * 41 * 59 * 271 * 1451 * 3191 * 9091 * 16763 * 43037 * 62003 * 9605671 * 30104611 * 58765601 * 77843839397 * 2433146345771 * 17996132431060961 * 15589280974996818911 * 154083204930662557781201849 * 80684370001269698853996151670133742711 * 744909731145732233993613931089059528977143716201 * 97862727665480231246011008935563207741144491224418517422691228321,PROVEN,1254,21,21
291,3 * 37 * 1747 * 18043 * 12004721 * 1625625533641 * 1953725183587 * 1012047221926483 * 846035731396919233767211537899097169 * 109399846855370537540339266842070119107662296580348039 * 8891818787293057739983401355642934276602227487744860095665877038324404977293608767835458958630407978525248669851058970582776014290935772599808911,PROVEN,1383,11,11
292,11 * 101 * 293 * 5911541 * 12171337159 * 16692085818029 * 5774294197526381 * 1855193842151350117 * 182202742802607835615596881 * 10826684964539959837294043117 * 286578888976194997999922592330908602103011 * 49207341634646326934001739482502131487446637 * 9537037576103752545861071409967321761728999089417907986752766348817191016093460769,PROVEN,1353,13,13
293,587 * 9476124263231731100867 * 72753092406224481018194292737207864791672573037959 * 1221988126336010683636167127168551453717779986523154333004279 * 1636304654662619858552944817897722943031367354529440721228203 * 13731122208143629098556373440320603287699341414959220920300348846979420363420012888877008521549173,PROVEN,1254,6,6
294,3 * 7^3 * 11 * 13 * 37 * 43 * 127 * 197 * 239 * 1933 * 2689 * 4649 * 63799 * 459691 * 909091 * 4715467 * 10838689 * 505885997 * 267652966241599 * 2603941883787374089 * 1976730144598190963568023014679333 * 4769337181464959147997704753876850429427 * 5076141624365532994918781726395939035533 * 142857157142857142856999999985714285714285857142857142855714285571428571428572857143,PROVEN,1526,24,26
295,41 * 271 * 366111286951 * 2559647034361 * 215168431547401 * 6898649252938113791 * 4340876285657460212144534289928559826755746751 * 16561173823211136022363482802391645275515285493540308336921228754968742076311919668509658235206961323981740099150928539743521345087520827755740931867117645939836692779944140665257626271351,PROVEN,1326,8,8
296,11 * 73 * 101 * 137 * 149 * 3109 * 7253 * 111149 * 2028119 * 61544617 * 247629013 * 708840373781 * 422650073734453 * 16444765848115921 * 296557347313446299 * 669031686661427842829 * 2212394296770203368013 * 40548140514062774758071840361 * 987958734776503660730847298429926744644928427487850380038560428638070909650210480224210297181360032908354907525523774393,PROVEN,1290,19,19
297,3^3 * 37 * 67 * 199 * 397 * 757 * 21649 * 34849 * 55243 * 198397 * 333667 * 513239 * 1981560241 * 31600574312077 * 440334654777631 * 1344628210313298373 * 165426670443186506567467 * 362853724342990469324766235474268869786311886053883 * 7907009307594694001053552000588658391100974093457603716419437 * 1113954903312329460800701782039373182801635744784098645224633477,PROVEN,1340,20,22
298,11 * 2087 * 12517 * 535596779200919 * 9615683031450065714899 * 165459609176797865866134365329792270635207840943 * 2737869430252705432917439814481839640694075521336313521691938014929169431049 * 1657369267941336519589012993557140069891364992082365534700548884452551757186137655887808209563554371273008938334507277118593589757,PROVEN,1404,8,8
300,3 * 7 * 11 * 13 * 31 * 37 * 41 * 61 * 101 * 151 * 211 * 241 * 251 * 271 * 601 * 2161 * 3541 * 4201 * 5051 * 9091 * 9901 * 21401 * 25601 * 27961 * 60101 * 261301 * 2906161 * 3903901 * 4188901 * 7019801 * 39526741 * 168290119201 * 182521213001 * 14103673319201 * 78875943472201 * 1680588011350901 * 25074091038628125301 * 15763985553739191709164170940063151 * 38654658795718156456729958859629701 * 10000099999999989999899999000000000100001,PROVEN,1203,40,40
301,173 * 239 * 4649 * 1527791 * 821856609631 * 13403893556831 * 1963506722254397 * 2140992015395526641 * 1141240390081433457327371568501745249133720840602413587 * 71587697905322741684108103463794296441015327882063177696259158639042228798228024508578752774858434710598938835672715589909703532313323080905304318511196326865672369231169613,PROVEN,1329,10,10
302,11 * 907 * 181288487 * 429360649 * 153653579173 * 12331942624071394811 * 29877981480806017715604631 * 2646756758131654397378192081701748003041997 * 28656552837574546515657117360191971140211910788651135283 * 3332366532260724652058380106533605034666939213869789759449 * 999882306178377345161889846655198592766347086896770989636138585751423,PROVEN,1422,11,11
303,3 * 37 * 2096761 * 272295362253883 * 4531530181816613234555190841 * 129063282232848961951985354966759 * 18998088572819375252842078421374368604969 * 157793041231623437279937408119546555586267712054762280488959320521697937521092276297325262649574267470228259745983773969571127099146658127611270714291518805884658999061123143366757,PROVEN,1430,8,8
304,11 * 17 * 73 * 101 * 137 * 457 * 134369 * 1403417 * 5882353 * 31735795756961 * 722817036322379041 * 909090909090909091 * 1111111111111111111 * 1369778187490592461 * 5240808656722481737 * 297478330786365628414805305290302483555043017 * 234504682039452385472228601837391217101263308508305719138749905156540866534427238711769806579683320997636600725852987602204289,PROVEN,1291,17,17
305,41 * 271 * 733 * 1831 * 2441 * 4637 * 329401 * 974293 * 38981441 * 1360682471 * 23886931441 * 106007173861643 * 7061709990156159479 * 2589575105599981821056130911 * 119724826129796860249638217747306760831 * 15036424216810835394267218232384724378143658798913881034271601 * 46389018100608689270432651452124297645484071574686691412784325113145223877494873357561801,PROVEN,1349,17,17
306,3^2 * 7 * 11 * 13 * 19 * 37 * 103 * 307 * 613 * 4013 * 18973 * 52579 * 210631 * 333667 * 2071723 * 2142001 * 5364487 * 11910133 * 52986961 * 832339891 * 5363222357 * 21993833369 * 276402747619 * 291078844423 * 2405782797823 * 25332185271529 * 13168164561429877 * 41331541464123787 * 377526955309799110357 * 157393477257579000092993572752789683416120273639369 * 13753721844250167674053932561585423251305429858083649,PROVEN,1384,31,32
308,11^2 * 23 * 29 * 89 * 101 * 239 * 281 * 463 * 4093 * 4649 * 5237 * 8779 * 21649 * 24179 * 42043 * 513239 * 590437 * 909091 * 7444361 * 29920507 * 121499449 * 1052788969 * 1056689261 * 39511854229 * 4539402627853030477 * 4924630160315726207887 * 136614668576002329371496447555915740910181043 * 25561948931738399180959860493035633005346674997219855227412314112685523898853595360610683149167147379131162769,PROVEN,1424,28,29
309,3 * 37 * 1031 * 7034077 * 167798066344417387 * 3462948230491376473027 * 5294796903161592416528456780680376286484870226446771978908657527791 * 153211620887015423991278431667808361439217294295901387715486473457925534859044796980526236853 * 292815973319957863643663090772618219691707118842359217315010640397456279188940711108958040881306849,PROVEN,1453,9,9
310,11 * 41 * 271 * 311 * 2791 * 9091 * 11161 * 6943319 * 3925963357681 * 9294566806081 * 5167617497664851 * 57336415063790604359 * 909090909090909090909090909091 * 4857900688365130469291831549890842547443917376935406225054646143856579892970236911030721 * 311356050778390853515194982157798457569542012969741683230780943655658473371697366138417141225623774416801,PROVEN,1424,15,15
312,3 * 7 * 11 * 13^2 * 37 * 53 * 73 * 79 * 101 * 137 * 157 * 313 * 521 * 859 * 3121 * 6397 * 9901 * 216451 * 1101673 * 1580801 * 99990001 * 265371653 * 1058313049 * 388847808493 * 53397071018461 * 1358074433371719716641 * 1900381976777332243781 * 291593563046646669491593 * 900900900900990990990991 * 6060517860310398033985611921721 * 632527440202150745090622412245443923049201 * 7323941687838105624847742701467683590147273,PROVEN,1349,32,33
314,11 * 4397 * 3641773 * 301670477 * 5180282664612031 * 11427999892821876397004936937893 * 62215843720305220554927390230621406393020456720568865828056666081536686988802881944531436460921074521 * 56772494575417679209143612613936371702842084190817259161711159777577563483338093894447335028905724214106839545113870547643014663862360146330362411,PROVEN,1366,8,8
315,3^2 * 31 * 37 * 41 * 43 * 71 * 239 * 271 * 631 * 1933 * 4649 * 10837 * 23311 * 45613 * 123551 * 238681 * 333667 * 2906161 * 10838689 * 45121231 * 30703738801 * 142809770881 * 625437743071 * 1921436048294281 * 102598800232111471 * 4185502830133110721 * 57802050308786191965409441 * 11108290524774718857610264134981628814531188613927062839999879470748868753057648924496754589305365294720505123322653309870820532191,PROVEN,1355,28,29
316,11 * 101 * 317 * 1423 * 5689 * 6163 * 10271 * 307627 * 9615060929 * 49172195536083790769 * 507998564486483655774880939989709 * 3660574762725521461527140564875080461079917 * 646301962916453492325383567253991760083617720844121 * 66443174541490579097997510158021076958392938976011506949065646573 * 530084044837791203267418958734478905892862260111193658629289735929681,PROVEN,1495,15,15
318,3 * 7 * 11 * 13 * 37 * 107 * 3499 * 351391 * 1659431 * 2784091 * 3852774594841 * 54137839415767 * 1325815267337711173 * 185328247384490197483 * 917813298871770308465539 * 26526333976234009593263527 * 47198858799491425660200071 * 8558521377558885170560719135529 * 9090909090909090909090909090909090909090909090909091 * 359063423236660819432590808852669867324258623298339641467853849067,PROVEN,1511,20,20
320,11 * 17 * 41 * 73 * 101 * 137 * 271 * 353 * 449 * 641 * 1409 * 3541 * 9091 * 19841 * 27961 * 69857 * 976193 * 1634881 * 1676321 * 5070721 * 5882353 * 6187457 * 18453761 * 5964848081 * 947147262401 * 834427406578561 * 19721061166646717498359681 * 349954396040122577928041596214187605761 * 99999999999999999999999999999999000000000000000000000000000000009999999999999999999999999999999900000000000000000000000000000001,PROVEN,1480,29,29
322,11 * 47 * 139 * 239 * 967 * 2531 * 4649 * 6763 * 909091 * 472341157 * 1569936761 * 549797184491917 * 11273170771131750391 * 1203881882727712699967 * 11111111111111111111111 * 1626777403161656797092007877 * 23391028206417273637358380573 * 7775058388319250595762800404689 * 3309383964775818489317002654646529291847 * 15362898429170396757717888856328974146292496901433891193564055671816191643,PROVEN,1482,20,20
323,2071723 * 5363222357 * 851908127328669427 * 1111111111111111111 * 1000889286725563474405662045911093540900908710082344227506919162972107 * 2024740873938190513425266673474911634048354422503451267887726938473483 * 521307840861183044621465828930833475823959827582928597186555092762451665440276179272690132481999612478878577364291352712899662081493,PROVEN,1387,7,7
324,3^4 * 7 * 11 * 13 * 19 * 37 * 101 * 109 * 163 * 757 * 1459 * 9397 * 9901 * 52579 * 153469 * 333667 * 2462401 * 2925721 * 70541929 * 2458921051 * 14175966169 * 999999000001 * 440334654777631 * 676421558270641 * 456502382570032651 * 610600386089858349939139 * 130654897808007778425046117 * 59779577156334533866654838281 * 341796090604674881849636380229010216626944264336893367139245334739710314141368913850637159182300704681,PROVEN,1482,29,32
325,41 * 53 * 79 * 271 * 21401 * 25601 * 77351 * 200201 * 265371653 * 162503518711 * 182521213001 * 4347195468174001 * 280672874149406424401 * 5538396997364024056286510640780600481 * 3733209604853765522511798189559871765401 * 14176580788140166982612662932269638487348202983509301658671668819594823790597991335035617960111350619611710051670436272895571176996529118267301590082336151,PROVEN,1379,16,16
326,11 * 653 * 13693 * 14286890032106357 * 5764066668537270911379761 * 66953479943839030979655991920753816099754871899 * 403925722833778378107304989280994102850314855068615959021587563 * 477229173213473388632795854908402490998658711970854444982384399373804471077 * 106288106156544189601112452124463274118441603168767263777500290285464677481570934480831778653,PROVEN,1541,9,9
327,3 * 37 * 1147117 * 1192679 * 13675561831 * 712767480971213008079 * 5295275348767234696493 * 46553630477420371690681 * 246829743984355435962408390910378218537282105150086881669547 * 1233589240653084857410322404141371204249178264996113249039434820151010987669135202027309695357640013158056637431111487548337791598877444129900539081050163403201256127801156692293,PROVEN,1399,10,10
328,11 * 73 * 83 * 101 * 137 * 1231 * 68389 * 538987 * 121553521 * 2670502781396266997 * 3404193829806058997303 * 36637591407529194237097 * 201763709900322803748657942361 * 1447745997018511893740076606031686237538345362413531560645573104006506749609 * 2245236606248397162554620353530247131809555439174332456262048578539955402631665831489925370072038825037489223972536291929859656473,PROVEN,1470,15,15
330,3 * 7 * 11^2 * 13 * 23 * 31 * 37 * 41 * 67 * 211 * 241 * 271 * 331 * 1321 * 2161 * 4093 * 5171 * 8779 * 9091 * 21649 * 62921 * 471241 * 513239 * 2906161 * 83251631 * 599144041 * 4124507971 * 20163494891 * 183411838171 * 1344628210313298373 * 318727841165674579776721 * 1300635692678058358830121 * 19835636682880495867311241 * 138267770127916457629034873443951 * 1703548913892494075097664562023844278044121 * 1112314101311286003379752617807870409611285281,PROVEN,1401,36,37
332,11 * 101 * 167 * 997 * 3565183 * 2097307081 * 3367147378267 * 7742098247001476863 * 9512538508624154373682136329 * 346895716385857804544741137394505425384477 * 943176903141330068482602900960294299878841 * 23023967955265160767768376873521136169786061 * 4300297028838474156015268798064619519844286165272568941158694953418333634388515222398381949374346543672407516659353137441,PROVEN,1536,13,13
333,3^2 * 37^2 * 333667 * 2028119 * 96455449 * 247629013 * 30557051518647307 * 2212394296770203368013 * 8845981170865629119271997 * 90077814396055017938257237117 * 2503678796850536532770633167883644999 * 2391225903192434229494639627847286709185128947978708401 * 378910432397861194405369041242690342635541471617136043289 * 4565653419555997505675587027694119410799941474246039140250559,PROVEN,1540,14,16
334,11 * 18843947 * 63716179 * 106811083848465643 * 116011189311149998139 * 272828068791212993437 * 37576897811119167463436962410483708090653 * 301525294918950432087520298129941558711551656822567015411 * 14950128044255312629457887411604300692966728690551568705030373 * 146908989237248828364468641124632904685419581272522285179978171763650878695905491026334988286452327947,PROVEN,1534,10,10
336,3 * 7^2 * 11 * 13 * 17 * 29 * 37 * 43 * 73 * 101 * 113 * 127 * 137 * 239 * 281 * 337 * 1933 * 2689 * 4649 * 7841 * 9901 * 226549 * 459691 * 909091 * 5882353 * 10838689 * 99990001 * 121499449 * 11189053009 * 9999999900000001 * 603812429055411913 * 4458192223320340849 * 73765755896403138401 * 127522001020150503761 * 148029423400750506553 * 119968369144846370226083377 * 2070270028985341766616009080161 * 1433319827159466789806966856379479179916136529424792832495021393,PROVEN,1514,38,39
337,427991 * 282549563 * 288525099368866187 * 16917315519781128734365649437223631827 * 906533749251005245151122204670351312590267105760052002862150546121 * 10040499610458011332733838420983746051698922310460547466000255532841658478393221611341226016666610043 * 206811109652484947999953179293051913495058417807929099923220893228189351588693144846296035840822032161,PROVEN,1415,7,7
338,11 * 53 * 79 * 677 * 859 * 11831 * 265371653 * 987001237 * 1058313049 * 2709246550432452192307438140153898730002165574677 * 1592730232155679902273246343099578009020762979379345291 * 939618179300167110691422839525295363729230399945945616908880764779647712170590547747265739 * 31198234389876128002952782212916694331889770402831700346290124318006436464972357735278842644511160852523,PROVEN,1505,13,13
339,3 * 37 * 227 * 406123 * 908191467191 * 777734075184513369134763199249605543798943174359980119 * 18291566303691914139457741657555501180932574564840850694321009277 * 53895712312217719065267103426685397298498705173449226555003346881878523705781079015749721646701723 * 15593277677443719233963811442658357704819448586516961369247537101706671992725714715630543532621365559,PROVEN,1550,9,9
340,11 * 41 * 101 * 103 * 271 * 3541 * 4013 * 9091 * 26861 * 27961 * 87211 * 2071723 * 28559389 * 262533041 * 787223761 * 1491383821 * 5363222357 * 21993833369 * 7568346838961 * 8119594779271 * 2324557465671829 * 237612993541791006121 * 1988731184935761442996825520561 * 4222100119405530170179331190291488789678081 * 160220794821014452066741918303580917664386555934641 * 1051361091529803074497312148085134194834726090632313891925201,PROVEN,1463,26,26
341,683 * 2791 * 21649 * 513239 * 6943319 * 1309536986943791 * 1214990613179601809 * 57336415063790604359 * 246254302494824359942225692028596828479 * 77617683268614779848612867615549232510150162228416842360054700961 * 43329792665324477063313028178868369665901345754931438469489378257097775350945993237910006767944440522517789840261005934417525998293452547008523781769661353470757,PROVEN,1592,11,11
342,3^2 * 7 * 11 * 13 * 19^2 * 37 * 2053 * 21319 * 52579 * 333667 * 1458973 * 10749631 * 4410785971 * 2911579215499 * 909090909090909091 * 1111111111111111111 * 229162071140015324614111 * 3931123022305129377976519 * 307010852070382484317401373 * 753201806271328462547977919407 * 1104249349362995181144668003642191 * 3947804137986731797627485905950642878832197147481801 * 6508684267533856834852965580950145565983063793936631379,PROVEN,1479,23,25
343,239 * 4649 * 505885997 * 1977439591 * 62612348451548943616787 * 7754637448036836493958053 * 1976730144598190963568023014679333 * 108164182562832081427746076140676111780117904145681235787387789905399551977213797293596351 * 9629235556406611857650195218600476538144804813919226550962087129420209841171513191629905668596180108950582877533858087255532817046381504168675076951,PROVEN,1608,9,9
344,11 * 73 * 101 * 137 * 173 * 338669 * 1527791 * 57009401 * 2182600451 * 1963506722254397 * 2140992015395526641 * 7306116556571817748755241 * 277641151780258438310079109077611969 * 2645778409917434965592366282025495569 * 38993135849791157061060738352944105076217 * 34908493290773859017057784025792153817150916131843303273 * 2923500556298303355222653948542706598448925085853709961673200056984872843366529,PROVEN,1544,17,17
345,3 * 31 * 37 * 41 * 271 * 277 * 5521 * 31511 * 74521 * 487831 * 2906161 * 19277911 * 19707665921 * 203864078068831 * 20414137203567631 * 11111111111111111111111 * 1595352086329224644348978893 * 5799951513941382144830754391 * 122403569491783662720773144041 * 35645906496364306434849378023333297827811383782580351 * 804791137698205712227875104211652255670618070071975559971188073748078291737835666205639770770978612281,PROVEN,1473,21,21
346,11 * 347 * 9689 * 16864733 * 21528169344472027 * 46194618816084982100679234312974236345786346173 * 32198046775720891593420454244946597764673353202694265726843479376953223792923910764829129134957786957553803 * 55635102055543836835465457049148501469803488052399095459738250346232835862545261814302848982434784577390375138359139691388144380289619426750242614561569128075543,PROVEN,1614,8,8
348,3 * 7 * 11 * 13 * 37 * 59 * 101 * 349 * 3191 * 4003 * 9901 * 16763 * 38861 * 43037 * 62003 * 72559 * 618049 * 997369 * 77843839397 * 638453709757 * 135080726389891 * 15565833747318241 * 157002934023127338801841 * 154083204930662557781201849 * 1274194732898148471766404179653 * 4477350074169470752905544969081 * 925473240150495502771483432977308389 * 11811806375201836408679635736258669583187541 * 310170251658029759045157793237339498342763245483,PROVEN,1605,29,29
350,11 * 41 * 71 * 239 * 251 * 271 * 4649 * 5051 * 9091 * 21401 * 25601 * 123551 * 909091 * 4147571 * 3612546001 * 182521213001 * 299547376801 * 78875943472201 * 102598800232111471 * 265212793249617641 * 18525843918490695886751 * 991474271662986957800680951 * 54442267778748734853078961420361450411594669214709944589849727424959801 * 924113758530847383764787530400912659976463549693743820952869672176334445090649182638712486115217201,PROVEN,1572,24,24
351,3^3 * 37 * 53 * 79 * 757 * 35803 * 333667 * 265371653 * 240396841140769 * 355087294364791 * 440334654777631 * 537947698126879 * 3352825314499987 * 900900900900990990990991 * 2304017384484085131816292573 * 1786946360382838276990549597027 * 44018367507556071172725810811606857705691099317190005947371549514438736424439607124122191159122750961511780839479841457693891930809711756868258606716961082732697146231,PROVEN,1641,17,19
352,11^2 * 17 * 23 * 73 * 89 * 101 * 137 * 353 * 449 * 617 * 641 * 1409 * 4093 * 8779 * 11969 * 21649 * 69857 * 513239 * 4913921 * 5882353 * 10100113 * 1052788969 * 1056689261 * 470909313601 * 16205834846012967584927082656402106953 * 9900879227786858424257223656804730798555422102713108259184822982673560177 * 361057759540097288072937247979725352972055181853408265699800478521559326591153094457376181755912540092512773699689532234798987224827675649,PROVEN,1663,27,28
354,3 * 7 * 11 * 13 * 37 * 1889 * 3187 * 60247408327 * 2559647034361 * 968385024074451409 * 2676157881043509853 * 1090805842068098677837 * 3203031926532314264104769060847481 * 4411922770996074109644535362851087 * 219734968010040680865912320713950289 * 232199557797964905143390121842739619033812919 * 4340876285657460212144534289928559826755746751 * 121740076243906140440128328771750387895638651224514935329511899287347,PROVEN,1590,18,18
355,41 * 271 * 12071 * 48630031 * 14541138145721801 * 637608923699011111 * 2816176140325775182481 * 12291800548749837777601 * 241573142393627673576957439049 * 45994811347886846310221728895223034301839 * 30124399372383431732349878765015295744155071 * 1585815115676732251219119705354453641270876231474473036016566142419881989263638882884307219223334716883779860248528091392781138015385702629101042831,PROVEN,1524,12,12
356,11 * 101 * 179 * 38449 * 138841 * 497867 * 103733951 * 104984505733 * 12147237304901893 * 5078554966026315671444089 * 403513310222809053284932818475878953159 * 4180967272673252032291190917188955510245874180001164839931077197586653 * 18547092770394661955046893866403953444141877738854819606028843831344546174591125346548473015452312338456023705554686130669604243301021812682716262365263155956618360389,PROVEN,1571,13,13
357,3 * 37 * 43 * 239 * 613 * 1933 * 4649 * 4999 * 210631 * 923441 * 2071723 * 10838689 * 52986961 * 143556841 * 5363222357 * 3329808692827 * 3924966376871 * 13168164561429877 * 43451713720907517733 * 1118941080585995263069320373 * 768736559421401249042753476963 * 15958610536514031269673402704345512354924969 * 323012942148562751650814544437350454640448842187 * 598669893503592509432367969525350164961445705888538339349676141750020045244787,PROVEN,1639,24,24
358,11 * 359 * 36558961 * 4201521652717 * 352543640588653 * 523661705392754764972834211810001059 * 571544047837540227171107263031017853607119654486278118381637405539602949994236278780111557713711574640626700398384915989416568503505447054089 * 17360270948380236765442123580448180934246742941840774929827069381097446101825710313953633305039247538221205037054245870292654737645806593390849,PROVEN,1542,8,8
359,719 * 73237 * 799853 * 33569502677 * 18200054748466867994849 * 8745075387933004096394385246656921347 * 10483559820031479418770210067382566319984375940690615649203032945707 * 29476609990230448721722732188196048138342777109461931706728363904658577135165687400308933318612320601 * 159779259367783141682664323101719151619905458241378202146264387060563620054513694866437732933880927870969437,PROVEN,1643,9,9
360,3^2 * 7 * 11 * 13 * 19 * 31 * 37 * 41 * 61 * 73 * 101 * 137 * 181 * 211 * 241 * 271 * 2161 * 3169 * 3541 * 9091 * 9901 * 27961 * 29611 * 52579 * 98641 * 238681 * 333667 * 1676321 * 2906161 * 3762091 * 4188901 * 39526741 * 99990001 * 265183201 * 5964848081 * 999999000001 * 8985695684401 * 3199044596370769 * 4185502830133110721 * 4999437541453012143121 * 1105097795002994798105101 * 100009999999899989999000000010001 * 95853807664312827399794371014650641 * 39340929985040037939860550511566010202173435808159761,PROVEN,1582,44,45
361,81671197 * 1111111111111111111 * 88231338953639484307 * 103143975536225777711 * 2747268108721464854672161 * 11614395396735967816534625117 * 220706363362058009698248377980921202870796191 * 338672903965083087378920536692185596496049493492739500693 * 564119853555739333064747842148953699328931109054396656032674683986416711021651311310192064160403393305340970423315981677412206567576666423559,PROVEN,1570,9,9
362,11 * 12671 * 13757 * 28865519 * 995130761 * 16814655289 * 414479952329 * 1467439874822650361 * 57813769227978665304109403799291636496876923883191635824278127299864929561 * 778918424933155393480511088578762495409547716376329687166271120021739022042090054703 * 438021653462960104992408987937518226776204485035693500552436618000325770192107907236498209863537528380608485764810227154150678965468226079,PROVEN,1676,11,11
363,3 * 37 * 67 * 15973 * 21649 * 38237 * 274187 * 513239 * 622001227 * 1830142890743707 * 1344628210313298373 * 5160868930485515110885377938636202783672029518450934426716029249879502627 * 597149176209530412360795391497657340159943421992502538230831481682232969649167277637825641074323 * 1702162153065257263555686902042453260466172655757761719475941009771157379343029724825364671251404611421200601947773406253267,PROVEN,1571,14,14
364,11 * 29 * 53 * 79 * 101 * 239 * 281 * 521 * 547 * 859 * 4649 * 14197 * 17837 * 909091 * 4262077 * 21705503 * 121499449 * 265371653 * 1058313049 * 43442141653 * 654721485601 * 316877365766624209 * 1900381976777332243781 * 110742186470530054291318013 * 3571618567996393297210217238290456648947344377957590363519828421 * 50678387411703889101759125785290439894389920385627096501794498837 * 431916413820617754546053476804635449461410533962843828981966782964481,PROVEN,1690,27,27
365,41 * 271 * 12171337159 * 1855193842151350117 * 49207341634646326934001739482502131487446637 * 1304946319836672523549871511207656785231498701576036930724645238399101906921 * 5528825275894858698684129584828307231241005568273768148118728392440732070424671 * 124744480879691435734416198755419072449916709460656618355847811262345324810678696941209275254392782646129308243768284579780542826772001,PROVEN,1632,8,8
366,3 * 7 * 11 * 13 * 37 * 367 * 733 * 4637 * 81131 * 329401 * 974293 * 2520277 * 51745081 * 1360682471 * 40498340376691 * 106007173861643 * 7061709990156159479 * 42936744040512685057308971520417028077990465463 * 33277993916065498965234812212436587255656671587921 * 26384856922809741239246281240888980994567902544116187 * 11205222530116836855321528257890437575145023592596037161 * 13547962992518293065716754762428610038549464815707364291983209,PROVEN,1654,22,22
368,11 * 17 * 47 * 73 * 101 * 137 * 139 * 1289 * 2393 * 2531 * 5882353 * 18371524594609 * 549797184491917 * 11111111111111111111111 * 4181003300071669867932658901 * 120553054891405588545727822543281066162803459003848166118314367809 * 4178437150016715837818641871709193476807772628503969494400330129962348520684914375257 * 829510285658710111215121966308351445187741335558528775675039806142270659943202818322753067885238020768017585089,PROVEN,1564,18,18
369,3^2 * 37 * 83 * 1231 * 333667 * 538987 * 1811791 * 626920594693 * 9425856976319889649 * 1900016393894413508477719 * 201763709900322803748657942361 * 3151445759294008336434146467746716852125711 * 8414640003465161203119978906558054839526493 * 4624740815741021164555032450406356165555243059597323 * 36075379229129405137442680972370788324414060277012433191198831287911648192680373281921936535843435181632954359677168188643,PROVEN,1647,15,16
370,11 * 41 * 271 * 7253 * 9091 * 2028119 * 247629013 * 422650073734453 * 49173925574833481 * 296557347313446299 * 2212394296770203368013 * 6511230041186560022095681 * 1936570114827069923550119591 * 63441573295906607253783211246544893041361 * 1125062484076327146358129279546163004017888759508161 * 22369355044392829576198363935261212146051995578845131526611800779453430519897692892453842577603840415445414697342892679968594131,PROVEN,1604,16,16
371,107 * 239 * 2969 * 4649 * 51199 * 1659431 * 1325815267337711173 * 47198858799491425660200071 * 26628696860763170757415075888614691991511099147227 * 8443278213142643683880850952929502264137832292889910297487445526484776400899484558952278931894560501953983650020256591767199 * 26333577482004429258983725836316585598333629910261619385077149930742909233361719472160360320071224735235225337085800796901720562557,PROVEN,1718,11,11
372,3 * 7 * 11 * 13 * 37 * 101 * 373 * 2791 * 5209 * 9901 * 44641 * 2049349 * 6943319 * 3590254957 * 57336415063790604359 * 909090909090909090909090909091 * 139716865184144864008269344660199946429 * 18381907262281244633158190677786966663091011 * 483128549554512237305554588359039822397307149685578249 * 900900900900900900900900900900990990990990990990990990990991 * 1387770812537486172424567765413032718466560432631753219117445147282909788805041,PROVEN,1701,21,21
374,11^2 * 23 * 103 * 4013 * 4093 * 8779 * 21649 * 192611 * 513239 * 2071723 * 143899867 * 5363222357 * 21993833369 * 1284680342573 * 6315203673292075607 * 125797399492676917721 * 19886424182370875870239184131623563 * 55957395872359820769658435528889482277826574998014018514928782197341726428854387236670658714503098749571 * 3145034530723579145937004239074986159829340558413162283196978920507752212505544488447195053472169211817993845484117471,PROVEN,1752,19,20
375,3 * 31 * 37 * 41 * 151 * 271 * 751 * 4201 * 21401 * 21751 * 25601 * 2906161 * 47001751 * 1797655751 * 182521213001 * 4471031976001 * 176144543406001 * 15763985553739191709164170940063151 * 1375436107164906400113195032668541009729549504205143102033627145732751 * 42051775804956304559810859008305819975199677041099230574273451704628125001 * 15905910605959927957520599214257369978644811514228442375715283978375304416453709933630691450134077795142751,PROVEN,1522,21,21
376,11 * 73 * 101 * 137 * 6299 * 45121 * 70313 * 79337 * 485041 * 35121409 * 118710721 * 6578404633 * 4855067598095567 * 297262705009139006771611927 * 169905327561162104198557246291921 * 316362908763458525001406154038726382279 * 2144906157509411684424913774078958939881 * 1023037643093214557651333120422980213172396059301 * 27851538931791182813585932285490596820623900747164894668499167046712090201879423948069199442816537475115348268729799177,PROVEN,1665,19,19
378,3^3 * 7^2 * 11 * 13 * 19 * 37 * 43 * 127 * 239 * 379 * 757 * 1933 * 2689 * 4649 * 10837 * 23311 * 45613 * 52579 * 333667 * 459691 * 909091 * 5274739 * 10838689 * 45121231 * 70541929 * 14175966169 * 440334654777631 * 1921436048294281 * 8642670625016390971 * 878075126908698927928483 * 33030636037992147205820927521 * 189772422673235585874485732659 * 63060936944326674212591995662102125143 * 4841193139246416682912992055944726358563520908223 * 34478740111713676828358390233178197591689889127137198507,PROVEN,1790,35,38
380,11 * 41 * 101 * 191 * 271 * 761 * 1901 * 3041 * 3541 * 9091 * 27961 * 59281 * 63841 * 74861 * 417332341 * 1812604116731 * 121450506296081 * 722817036322379041 * 909090909090909091 * 1111111111111111111 * 1369778187490592461 * 1289981231950849543985493631 * 780548018657747948342675331841 * 965194617121640791456070347951751 * 458192181720740635773018630313952996833801 * 4996731930447843676185843959746621491531100801 * 20547226778782170120539430083689730394727567536361,PROVEN,1613,27,27
381,3 * 37 * 18797 * 90679 * 9783462102370544239 * 45830377642600710169 * 591082109095345424416413908752729 * 82548590511975869997227448819484483748713764399174373 * 651871849785243820958119684233142982170536938147349501049955875423544371888519632103159753836519854149224951224466197 * 41178786268652727777818909308744042083055383859495037243190192388737567013766369770914385034350354193614379285959651069848809053,PROVEN,1814,10,10
382,11 * 383 * 679961 * 4041943 * 955059211 * 4473297929 * 78087485383 * 112103021940812743353521 * 3370796736173938091727422330529475982098304687381174810841794785884893349397 * 34355007868290105260151014423846456692008580727031775135173625397961285416300659 * 22157070867225796885592763585328262489569972968246581871290190759966138800400415156501827001797032745294740404832373351030284459396524271152620265237784647679,PROVEN,1715,11,11
384,3 * 7 * 11 * 13 * 17 * 37 * 73 * 97 * 101 * 137 * 193 * 353 * 449 * 641 * 769 * 1409 * 3457 * 9901 * 12289 * 19841 * 69857 * 206209 * 976193 * 5882353 * 6187457 * 99990001 * 418725889 * 1265011073 * 66554101249 * 75118313082913 * 834427406578561 * 9999999900000001 * 1253224535459902849 * 15343168188889137818369 * 515217525265213267447869906815873 * 338579887181973006729167651681190977281 * 53763491189967221358575546107279034709697 * 16603249990114694613009401045119923580957837937462177950368477911534904193,PROVEN,1837,38,38
386,11 * 773 * 1931 * 10037 * 39373 * 1430131 * 166376423 * 561470969 * 639701219449517 * 4274417556076113498947 * 26409540111952717487908689681403 * 447798287131284928051408304965265782892174953181087929 * 2010734797237741296291807480478464451813538790168907747 * 197130359208641543369948601899772685881314797880591361841987239812905237552876758580360078419442702688883521253076425640461215518675198704069680024806236407348374092599681,PROVEN,1802,14,14
387,3^2 * 37 * 173 * 333667 * 1527791 * 210769832431 * 1963506722254397 * 2140992015395526641 * 407429732767505248479163 * 23667927744614744947915146673639 * 10490974994611747848197172839956039870723832569747 * 1716647120944708147671447461422244736431889206579721400376110588630763194268685679597826668704163 * 24588057746982193082657231818357246070670164301127395031737182291576766783280117436647253014751961157521531901245152408738293,PROVEN,1777,13,14
388,11 * 101 * 389 * 12004721 * 102527361354613106010527 * 323338434891034089173475790125293 * 846035731396919233767211537899097169 * 27422699366054621683295623079471066588881 * 109399846855370537540339266842070119107662296580348039 * 78412655334235167606162810513004420610966509546603404268745999503561001 * 32459577600675557860942537579547020207960799876413377335594586605416959347268194103170247296625068200526946320832808609,PROVEN,1693,11,11
390,3 * 7 * 11 * 13^2 * 31 * 37 * 41 * 53 * 79 * 131 * 157 * 211 * 241 * 271 * 859 * 1951 * 2161 * 6397 * 9091 * 15601 * 216451 * 925081 * 2906161 * 265371653 * 1058313049 * 35081393881 * 162503518711 * 388847808493 * 360924572424391 * 900900900900990990990991 * 5538396997364024056286510640780600481 * 8396862596258693901610602298557167100076327481 * 44933275139025237741442164195375614371497219389368548160257661491391 * 63054129911571801941639263405768461425999152026392552531582926655481271974023945336611,PROVEN,1717,34,35
392,11 * 29 * 73 * 101 * 137 * 197 * 239 * 281 * 4649 * 7841 * 909091 * 121499449 * 505885997 * 52781463673 * 127522001020150503761 * 1976730144598190963568023014679333 * 5076141624365532994918781726395939035533 * 5010620991340707523594168804430658367520003649793780623118456073 * 999999999999990000000000000099999999999999000000000000009999999999999900000000000001 * 3781177083560380583441154025352663121070150968307048633209358859027273162533881299502797579969,PROVEN,1739,20,20
393,3 * 37 * 787 * 80173 * 109517 * 141811693 * 446790173 * 7370364319027 * 15594845538029429933 * 7317723970031057677693 * 131758351065116151205213 * 180222062287834025451247081 * 11983466231266295686798098306470812807267 * 1100517845115354201024243897527295703743726722437 * 8680060322508824594393450058221938248644256663178820249090487083301292519777205595423409349376525925423911644010932939670160279114134954869470847308423421566533831579067,PROVEN,1685,15,15
394,11 * 15761 * 52009 * 7187743 * 79040479805615687465683 * 300567477887394052365757 * 29811355463297742645615812791522446524687 * 3599474961483053310878605135585111374469138078226023233589649293 * 750914105302558436752000930239222531800507092216032215426336586609291356367521996611125219417012181327241 * 8955859986822981751383809840603974861999297964004527560289254265178892781447034540032897420548979315018635088359476294463,PROVEN,1772,10,10
396,3^2 * 7 * 11^2 * 13 * 19 * 23 * 37 * 67 * 89 * 101 * 199 * 397 * 4093 * 8779 * 9901 * 21649 * 34849 * 52579 * 333667 * 513239 * 599144041 * 1052788969 * 1056689261 * 5419170769 * 7093127053 * 79082656489 * 183411838171 * 999999000001 * 789390798020221 * 2361000305507449 * 1344628210313298373 * 1538607523068637497164701 * 141122524877886182282233539317796144938305111168717 * 362853724342990469324766235474268869786311886053883 * 8218476795659338409712353841905411607826230659151143998522545586866704239099075512109,PROVEN,1851,35,37
398,11 * 797 * 29453 * 2253079 * 3545105703277 * 10765760180213 * 12277415800813 * 180724074168604579796294647309331 * 314293140427626491056008875724151058487007 * 34156671999167558280316457548021397439888515117317065783422183070342102287109965498971 * 21008411332176290590182609174580040662121810909787962004744874106431821734447340411991127851251006881567865355288584910608794705098365152866127635471781892711877278779909777694559002649,PROVEN,1753,11,11
399,3 * 37 * 43 * 239 * 1597 * 1933 * 4649 * 21319 * 6316969 * 10749631 * 10838689 * 34282879 * 1473464802559 * 2021015460335957 * 1111111111111111111 * 3931123022305129377976519 * 7459654752238258604700923083 * 278848299862043143754907679390585776516393006235209786029420958416508667488018611321233079 * 466313952230246603926673791448620956588757441488886093790565731595829691945775316737317530980650274752343606808745182941168541487395572597274248918286276704888613,PROVEN,1831,19,19
400,11 * 17 * 41 * 73 * 101 * 137 * 251 * 271 * 401 * 1201 * 1601 * 3541 * 5051 * 9091 * 21401 * 25601 * 27961 * 60101 * 1676321 * 5070721 * 5882353 * 7019801 * 5964848081 * 24592788001 * 182521213001 * 14103673319201 * 78875943472201 * 1680588011350901 * 19721061166646717498359681 * 3475700719926956233659563848134955052440801 * 129694419029057750551385771184564274499075700947656757821537291527196801 * 116990301476747139063183899107829995503054414640437569739696739532637081068627241615756780789663364521811201,PROVEN,1715,32,32
402,3 * 7 * 11 * 13 * 37 * 1609 * 7237 * 493121 * 17830074841 * 851109498533797 * 2046166739518832881 * 79863595778924342083 * 45360300267343173645804799921 * 28213380943176667001263153660999177245677 * 184976479633092931103313037835504355363361 * 909090909090909090909090909090909090909090909090909090909090909091 * 1479324487468932812154772125499257696540643946328553680234277466780839 * 220589842618680198991086731354678488275926380957742565496334997548411735059,PROVEN,1895,18,18
404,11 * 101^2 * 607 * 809 * 1213 * 1327067281 * 3679329001 * 19384130081 * 12793360409007449 * 4908990488743183603681 * 4531530181816613234555190841 * 129063282232848961951985354966759 * 5383539446793990416488818114381662511041 * 18998088572819375252842078421374368604969 * 147987024898557331825270928295100820916509 * 274709671055935535763734628625616947603714681537231287179261 * 11500490394117824585468796003575163076836624586334794818271756072956027758946488969,PROVEN,1862,17,18
405,3^4 * 31 * 37 * 41 * 163 * 271 * 757 * 9397 * 21871 * 61561 * 238681 * 333667 * 1577071 * 2462401 * 2906161 * 5222071 * 16357951 * 40435201 * 310362841 * 258360989311 * 440334654777631 * 676421558270641 * 4185502830133110721 * 130654897808007778425046117 * 483418418597220677238517353915231961831 * 250093532125526915278352940802333503335240107302499957158939577140544111 * 14064388510567918931415103718536341889449837765445863106535952877209149111639559724304775413009931280562293699174624824991,PROVEN,1734,27,30
406,11 * 59 * 239 * 3191 * 4649 * 16763 * 19489 * 43037 * 62003 * 909091 * 243720583 * 18620680471 * 77843839397 * 2563963356465898129 * 68616805173400502243 * 223072327648229020879 * 154083204930662557781201849 * 13569612563320403017443683179 * 6656280510176649041177006666533233898159823895551612176879783493172755702305410407269034716016715927564139783 * 3157699606121412762302752567433818362194673059549755317723934675026306764122137710141583577297036456399624339368321893,PROVEN,1805,20,20
408,3 * 7 * 11 * 13 * 37 * 73 * 101 * 103 * 137 * 409 * 613 * 2857 * 3061 * 4013 * 9901 * 210631 * 2071723 * 5969449 * 13266937 * 28559389 * 52986961 * 99990001 * 134703241 * 152533657 * 1491383821 * 5363222357 * 21993833369 * 291078844423 * 225974065503889 * 2324557465671829 * 13168164561429877 * 1119527384827710553 * 377526955309799110357 * 53043011765949537815976769 * 44398000479007997569751764249 * 65552746171882583264230070868884366877803237222654400793 * 44432384794221343755897441742032531086615578692097502509412995439256236377,PROVEN,1902,37,37
410,11 * 41^2 * 83 * 271 * 1231 * 9091 * 275521 * 538987 * 21158848681 * 2670502781396266997 * 3404193829806058997303 * 436026711667335044426416921 * 201763709900322803748657942361 * 25227559933282973049929756675369873687524422119109873612963516263168625757367193407132891393542516779351543564997326723299457284056291 * 37654445534598090531061637404570516695225922222356909916889395661871779838862063550827086195341481919418156260385301045484576632937146377914151,PROVEN,1892,15,16
412,11 * 101 * 1031 * 1237 * 801341 * 7034077 * 44092859 * 102860539 * 984385009 * 29286597879221 * 612053256358933 * 182725114866521155647161 * 33670587927455442579575167786879669 * 1471865453993855302660887614137521979 * 95000575486937988681435170477136054984821 * 153211620887015423991278431667808361439217294295901387715486473457925534859044796980526236853 * 13189107332310223355029963340219071854700685799054091470161603102678459019911637791726472505162050327675229109,PROVEN,1860,17,17
414,3^2 * 7 * 11 * 13 * 19 * 37 * 47 * 139 * 277 * 2531 * 31051 * 52579 * 333667 * 37916801893 * 109908191603107 * 143574021480139 * 203864078068831 * 549797184491917 * 143409436964525899 * 11111111111111111111111 * 831759677425747570837717 * 24649445347649059192745899 * 1595352086329224644348978893 * 117680633072620952134930832292859 * 823799348530495507269035013254489287846904557 * 1880709802856952955373413305337158032187793270681 * 11033517351146841676953477818524172302174982813132058195800613488154982399,PROVEN,1872,27,28
416,11 * 17 * 53 * 73 * 79 * 101 * 137 * 353 * 449 * 521 * 641 * 859 * 1249 * 1409 * 49297 * 69857 * 300977 * 648961 * 1580801 * 5882353 * 19725473 * 265371653 * 1058313049 * 40336502753 * 754651871841089 * 49190086416352961 * 249227787818677482257 * 1900381976777332243781 * 632527440202150745090622412245443923049201 * 333632766438409011274705987026407639670042305536743429073 * 33857126287532892390194544682750180705056727269149496594755320455272870740814407021435721731880166393643173336787745221520888878951616858121601,PROVEN,1852,31,31
417,3 * 37 * 13761001 * 6482220799 * 119124859925363 * 1203208201824602098681112647738760571037252321 * 299569398078509199090655565325033824709732952423319053 * 4236651046107678488081335638323958061433054078591556082042947538117 * 6613665864871336888159281741249451029123017235753420336761415494939294742484891072205191009129 * 9327281575040435942820030416618073853906181206383845973140973454310325710523151012873614569275960380714495413018734336834397,PROVEN,1760,10,10
418,11^2 * 23 * 419 * 4093 * 8779 * 21649 * 85691 * 257489 * 258743 * 513239 * 1246477 * 9269802917 * 909090909090909091 * 1111111111111111111 * 42545662673095831743789692955596677 * 7110068196346820837739904403311442644029624388096114872110630392132468139502199423975998515225256644772351425095948672135483 * 118406308604014738032986880393983553483698736486523737091214336891111037216663569858459578047055026965068496734007753047724699784687389349031013172664108401383134457213,PROVEN,1864,17,18
420,3 * 7^2 * 11 * 13 * 29 * 31 * 37 * 41 * 43 * 61 * 71 * 101 * 127 * 211 * 239 * 241 * 271 * 281 * 421 * 1933 * 2161 * 2689 * 3541 * 4649 * 9091 * 9901 * 27961 * 123551 * 226549 * 459691 * 909091 * 2906161 * 3471301 * 4147571 * 4188901 * 10838689 * 13489841 * 39526741 * 121499449 * 1384194841 * 29970369241 * 30703738801 * 42681134161 * 60368344121 * 424451728681 * 625437743071 * 1661378260814161 * 102598800232111471 * 265212793249617641 * 4458192223320340849 * 848654483879497562821 * 18276168846821336356291 * 57802050308786191965409441 * 139790941013628227711346421 * 282448028612066894256984424869264385801,PROVEN,1862,55,56
422,11 * 2764617069785703725933625413 * 692624557324389620662782322677336711138108482588281739734375570506492391931849524636731866879 * 1604204037181898492842452177634233120825494895604445254059369227570068074354992595031636365651567169241873842145514809 * 328830679310453754915155768227495235329261497517806584073599983097585101077717193987768606878995960468762394797684114544714219984484001065567626526501680440465693288035792812855582407,PROVEN,1975,5,5
423,3^2 * 37 * 283 * 1693 * 16921 * 333667 * 35121409 * 4731576386223439 * 721030498171501831 * 316362908763458525001406154038726382279 * 19968641215878703201988882553105137323658934106291755303125457268129 * 441506346488360048482114135141919313523563714948107161215664533500695867 * 369086478818759562903643016277384529057965296358575656669454667246151346922821275804806005341000546761444386183095949210608837818505085792471263955065479446326350954641451674308894252507,PROVEN,1858,13,14
424,11 * 73 * 101 * 107 * 137 * 1061 * 18233 * 1659431 * 5051749 * 67406298457 * 1488067111584049 * 899319337247551841 * 1325815267337711173 * 23641392997940421257 * 47198858799491425660200071 * 245391150214875249502685807421982149521 * 9090909090909090909090909090909090909090909090909091 * 75277048352808729626679875852901448034540173569840168229 * 54469179239047116300845682623717697162577784999950014081337618457 * 4721039325728010820594679541353546669967335225378893722566311366791400472881,PROVEN,1928,20,20
426,3 * 7 * 11 * 13 * 37 * 853 * 290249 * 1594093 * 2107849 * 1182534679 * 17469229933 * 21977699107816352490639478201 * 241573142393627673576957439049 * 45994811347886846310221728895223034301839 * 31321069464181068355415209323405389541706979493156189716729115659 * 2372121273417053818094646796447673682891780435916485887293151054782924005644394241806042716589462595192339 * 3207204765158124268625370685855295391546144230356835105480172184838210549074340260617878555547119384441220344797,PROVEN,1931,17,17
428,11 * 101 * 643 * 1499 * 28463 * 74687 * 392263 * 795653 * 999809 * 9885089 * 215257037 * 2386760191 * 40882343106721 * 511399538427507881 * 646826950155548399 * 10288079467222538791302311556310051849 * 9140689231828972552925524522037823147045937571379494322686226282352288670801988451 * 2421825498886875706568085804897442030525256100180294305383840413574930314582991559155197335837338973747281007884658776715423100656032123324942160620509168628560523446063044557248001192491268292405581,PROVEN,1916,18,18
429,3 * 37 * 53 * 67 * 79 * 21649 * 513239 * 2823679 * 180523201 * 265371653 * 50184916627561 * 1344628210313298373 * 900900900900990990990991 * 47428676444591705727929369346443 * 472177531896662923971700871858905573 * 12998514909869151807098212773862100794044705428424741778699159434241 * 37226581283489953701472184267606576037130878873797366013283473311751294203 * 3603717322585387792728516800918879801836971521067772901495728466670908855146338932588351435167413026450114248682019134847307,PROVEN,1969,18,18
430,11 * 41 * 173 * 271 * 431 * 1721 * 9091 * 1527791 * 57009401 * 2182600451 * 1963506722254397 * 2140992015395526641 * 7306116556571817748755241 * 18920435284033918144809657490533251 * 41398275939670867448911914339156680381343777006826487831 * 50441422688391875381007541515590983873234580366435672396194147589090888973689536137051068925751997547638790031 * 33781299214344096622678014073990188169665709715070094241770549427870082246252574520661531768110670247373718269979462963849500442241,PROVEN,1928,17,17
432,3^3 * 7 * 11 * 13 * 17 * 19 * 37 * 73 * 101 * 109 * 137 * 433 * 757 * 3169 * 8929 * 9901 * 52579 * 98641 * 153469 * 333667 * 5882353 * 70541929 * 99990001 * 14175966169 * 999999000001 * 440334654777631 * 3199044596370769 * 9999999900000001 * 59779577156334533866654838281 * 1726290008991504500177463302688697 * 491413179769291800875985377355914924161 * 579276943498154282123686999881829009033 * 111994624258035614290513943330720125433979169 * 42329002505294251119371713750694841859239120433 * 111026658464799772810971884821271839945529173378999198369,PROVEN,2075,35,37
434,11 * 239 * 2791 * 4649 * 240437 * 909091 * 3662093 * 6943319 * 1142669053 * 313360308665807383 * 57336415063790604359 * 579210707460230341693 * 909090909090909090909090909091 * 51508652116008872412773338336289708669037765081397085489 * 4771259067994357827295015706518236562402590405360078794788425875641085920050990987953665487159134201753234137455073283 * 22059227904420770836064175243763866620796477930349180699067305041042773585346008483552759881065631106663670362701807674552261329,PROVEN,1927,16,16
435,3 * 31 * 37 * 41 * 271 * 3191 * 4003 * 16763 * 43037 * 62003 * 72559 * 80911 * 2906161 * 9605671 * 102019681 * 77843839397 * 15589280974996818911 * 8538216023012034296071 * 80684370001269698853996151670133742711 * 310170251658029759045157793237339498342763245483 * 744909731145732233993613931089059528977143716201 * 1574925327530097827316740006048273210133340202011849286635501821200201948035399431390177373370216701225808298063139414675742019859173250588155321047776889808746410175324810526194777599171351,PROVEN,1844,22,22
436,11 * 101 * 20929 * 143881 * 1192679 * 3338786746233023 * 49369369412784246809 * 712767480971213008079 * 5295275348767234696493 * 35701893527078181712481 * 14060959683864286267405933000927102019 * 19364383321148719295180578853325741855858987848620134943 * 246829743984355435962408390910378218537282105150086881669547 * 186542533208908650296535628715346860095610970570440898568725754271736032193933900171521062975638672064604619723224194512848019552268302687189633740722184126124790381,PROVEN,1974,14,14
438,3 * 7 * 11 * 13 * 37 * 293 * 439 * 877 * 3601237 * 2212293763 * 12171337159 * 247482272761 * 1855193842151350117 * 10826684964539959837294043117 * 5830219322612939561246246317093 * 286578888976194997999922592330908602103011 * 49207341634646326934001739482502131487446637 * 3943828696311504418317587369596960932033847171 * 61144905745257441183391523202790304609284611733 * 39316310783659104892252157287077969239619734325044334592964583271 * 23593748551050409936688015200253053030029532433958916533719315706853,PROVEN,1931,21,21
440,11^2 * 23 * 41 * 73 * 89 * 101 * 137 * 271 * 331 * 617 * 661 * 881 * 1321 * 3541 * 4093 * 5171 * 8779 * 9091 * 18041 * 21649 * 27961 * 62921 * 148721 * 513239 * 1676321 * 83251631 * 1052788969 * 1056689261 * 1121407321 * 5964848081 * 20163494891 * 318727841165674579776721 * 1300635692678058358830121 * 1395900370916327245555441901 * 36380545029953205956377406702261 * 16205834846012967584927082656402106953 * 11351872871736662882973881952326901248582292849023836549375698070374687854710556299659477866174801360953461975027241770726447219069239499432349602724177071521,PROVEN,1993,37,38
442,11 * 53 * 79 * 103 * 443 * 859 * 4013 * 2071723 * 265371653 * 1058313049 * 5363222357 * 21993833369 * 344954191876997 * 6917979239326637 * 70919383630417672662131 * 1661422610776235605151630089 * 2016492306990976282439501774196098215666169 * 3223223954501479327423165941405274903133026914570794172630632038291499361359375290791990253041841 * 1222809112881054957482333784778500947505125605556339705344373826182388226051058385373807501056554769983252193191880010181453051182310767800176057994138047394190733,PROVEN,1909,19,19
444,3 * 7 * 11 * 13 * 37^2 * 101 * 149 * 223 * 3109 * 4663 * 7253 * 9901 * 111149 * 2028119 * 247629013 * 708840373781 * 422650073734453 * 23653713304547869 * 30557051518647307 * 296557347313446299 * 669031686661427842829 * 2212394296770203368013 * 8845981170865629119271997 * 40548140514062774758071840361 * 90077814396055017938257237117 * 21606064498691505246200058094681 * 543309565743971477870075858731741 * 2228457285782705288389843210675909 * 48911689110891303706174193415115219 * 35267115916388035942705181992852854614802588780637908577449241,PROVEN,1987,30,31
446,11 * 2677 * 208729 * 1697477 * 130975483 * 5156432569 * 1966032824334071843648738236716922141567459089390154109618864643162638011 * 182458277086165261611622073457934047326239127722446775785510707991660410777011553955711177150186323623147 * 17368229177732231805147256066714183264991154918511149949617241469577819750176127225702594928776326210433043 * 253093223170974042778078357371021297932776085452885919633889326945731506967967386342851064208779696417921593338374442943683661653,PROVEN,2014,10,10
447,3 * 37 * 2683 * 12517 * 35445431307877 * 535596779200919 * 13665677767386971174453748333443841079 * 171965701068496883745528184125987011516361211819168507125947606393599406276344599684907 * 1657369267941336519589012993557140069891364992082365534700548884452551757186137655887808209563554371273008938334507277118593589757 * 403109536647967823252626198527435162419900299742827908005840017638975777612947999010862228355924998943486126966926981706492404007923365680835642750113174317,PROVEN,2131,10,10
448,11 * 17 * 29 * 73 * 101 * 113 * 137 * 239 * 281 * 353 * 449 * 641 * 673 * 1409 * 4649 * 7841 * 19841 * 69857 * 909091 * 976193 * 5882353 * 6187457 * 121499449 * 43735845217 * 834427406578561 * 73765755896403138401 * 127522001020150503761 * 119968369144846370226083377 * 417067672004431016027567793820801 * 707285850117624346067550937755073 * 217860610452031121598489279950204653537 * 155944009296214054100626916003794407157304353 * 3389990665995333265366836872252020333482336548986397735456228533820597306799173793346530834741952645058293656375786341106265537,PROVEN,2012,33,33
450,3^2 * 7 * 11 * 13 * 19 * 31 * 37 * 41 * 151 * 211 * 241 * 251 * 271 * 2161 * 4201 * 5051 * 9091 * 21401 * 25601 * 29611 * 52579 * 238681 * 270001 * 333667 * 2906161 * 3762091 * 2002877551 * 182521213001 * 8985695684401 * 78875943472201 * 2636899200194401 * 4185502830133110721 * 97671987485517534751 * 15763985553739191709164170940063151 * 125899659866627764313267482289910001 * 10000099999999989999899999000000000100001 * 15397758037201072346990165180076989140801 * 3703689986333387654119799556297939637260602734804685908570705293684097466301976659345706127014344391317072899730001,PROVEN,1967,38,39
452,11 * 101 * 227 * 4973 * 4426889 * 52743988481 * 908191467191 * 132305743681936841 * 62554557765317517282085861045655294434955453111717816503072219942390838369658841 * 53895712312217719065267103426685397298498705173449226555003346881878523705781079015749721646701723 * 412943108813978385999641617982242667485519119709940711942693553709517240114281629255685010553886849303 * 226813030797815731197778256645639265718556459184651841552579161651406131077524640644151258260029762686434793845331341,PROVEN,2055,12,12
455,41 * 53 * 71 * 79 * 239 * 271 * 547 * 911 * 4649 * 14197 * 17837 * 123551 * 175631 * 4262077 * 265371653 * 43442141653 * 162503518711 * 102598800232111471 * 316877365766624209 * 110742186470530054291318013 * 36942048382668980544619913561 * 5538396997364024056286510640780600481 * 72057037864038195989298527342262688886641 * 573236013626994277781022022978585654644947311 * 139397282236319122569927698220829009751930337603755594300386510230285560351 * 32647385051525041661479792654516355809315046496410663779745524799749707387460867800164362111,PROVEN,2013,26,26
456,3 * 7 * 11 * 13 * 37 * 73 * 101 * 137 * 229 * 457 * 2281 * 4789 * 9901 * 21319 * 27817 * 1403417 * 1458973 * 10749631 * 99990001 * 304077901 * 376102873 * 36120612721 * 52875286008709 * 722817036322379041 * 739653893349540289 * 909090909090909091 * 1111111111111111111 * 1369778187490592461 * 5240808656722481737 * 33950736420661075851541 * 3931123022305129377976519 * 753201806271328462547977919407 * 13591271120229398317886003161009 * 297478330786365628414805305290302483555043017 * 194720331913760546074906161375930267923071695863299678749187377754543757962841785054377649,PROVEN,1989,35,35
458,11 * 9161 * 43544351 * 9006996017757809392117 * 2317091604522004723965449 * 22122368173743271094350225612207534262957 * 13270807703600518273110858480695033043595534787235597140531 * 1336395914067475494619360928220680511145198857935330550248985354190742963795052553003443246310484435548877 * 309245091230501839290246032319419817254710018988999484010015462259773448082908363381719172130645425224615612312393946983151847424897643586019077319815602109638853350013530483718142370478419550253,PROVEN,1915,9,9
459,3^3 * 37 * 307 * 613 * 757 * 919 * 12853 * 18973 * 210631 * 333667 * 2071723 * 2735641 * 11910133 * 52986961 * 5363222357 * 25332185271529 * 440334654777631 * 13168164561429877 * 41331541464123787 * 13753721844250167674053932561585423251305429858083649 * 1101414190502577778082877861332115000714073775209495681 * 287743709071765679519005572592282086727787894852332081977696568112925297043603 * 97648229107204235650441206754425845388055840946224275373388075321223543065113417752695410418408653172411245982360494127850309706544173670915761,PROVEN,1988,23,25
460,11 * 41 * 47 * 101 * 139 * 271 * 461 * 691 * 1289 * 2531 * 3541 * 9091 * 27961 * 31511 * 509681 * 19707665921 * 93744372901 * 4107757827661 * 18371524594609 * 549797184491917 * 20414137203567631 * 8225357978845859081 * 439120676164610394481 * 11111111111111111111111 * 4181003300071669867932658901 * 5799951513941382144830754391 * 122403569491783662720773144041 * 354969305477178480614478251861 * 870647723077443424730240122490394960350773424147330153671641266669332491181 * 15918798843849477568899983937931966555877132981347465830696251648192619376266439940521,PROVEN,2042,30,30
462,3 * 7^2 * 11^2 * 13 * 23 * 37 * 43 * 67 * 127 * 239 * 463 * 1933 * 2311 * 2689 * 4093 * 4649 * 5237 * 8317 * 8779 * 21649 * 24179 * 42043 * 459691 * 513239 * 590437 * 909091 * 7444361 * 10838689 * 22187551 * 29920507 * 599144041 * 183411838171 * 535212994471849 * 1344628210313298373 * 4539402627853030477 * 4924630160315726207887 * 136094982876222218559943 * 234904066377148960506871003 * 156813120797253579231191970121 * 1098029578649556602125589785304822700373 * 136614668576002329371496447555915740910181043 * 803956626149925031112757148192164970057208483589704631288984124647169634536861236854805849361,PROVEN,2093,42,44
464,11 * 17 * 59 * 73 * 101 * 137 * 233 * 349 * 929 * 3191 * 16763 * 23201 * 38861 * 43037 * 62003 * 182353 * 355193 * 618049 * 4465073 * 5882353 * 21591416633 * 77843839397 * 154083204930662557781201849 * 17468739848498438039329935679794457 * 11811806375201836408679635736258669583187541 * 3114824318784041623490389014199610366824348609 * 320326994163169943384295066992439316655840979654890345228609 * 4948797624251336428769758769452316283490536687091682910619153 * 369660333075000068856709492212454991557448976437779979434921265833995781602906344537626232976067313,PROVEN,2210,29,29
465,3 * 31^2 * 37 * 41 * 271 * 311 * 2791 * 2906161 * 6943319 * 50718862231 * 9294566806081 * 57336415063790604359 * 151063549389365288761 * 474226535398761166999927321 * 1444995222335449603188159323083006708272788165772714534961 * 900900900900900900900900900900990990990990990990990990990991 * 311356050778390853515194982157798457569542012969741683230780943655658473371697366138417141225623774416801 * 6819860516528438433077418310524520238754588314691632053788978565013503616149286758592259106715704269404899319649430358535511,PROVEN,2111,18,19
466,11 * 467 * 47533 * 552677 * 115081654907 * 89412401116867 * 42983757528467293 * 131293689927974865167 * 10857980200444401822643 * 110421163951010447109232550481508448746817791459 * 20131492120828919814484857298874674155298711142397769181347 * 5177405013496032696555653672930372119330851039800407113118670148783657729571982520094965040866908976893 * 1134592082241812086025433183314893126820787225096226178690913133518090766822711174696961498979544523242604228920675194370887660714303521711888923919224666398211,PROVEN,2077,13,13
468,3^2 * 7 * 11 * 13^2 * 19 * 37 * 53 * 79 * 101 * 157 * 521 * 859 * 3121 * 6397 * 9901 * 52579 * 216451 * 333667 * 461917 * 60034573 * 265371653 * 1058313049 * 388847808493 * 999999000001 * 53397071018461 * 240396841140769 * 537947698126879 * 3352825314499987 * 1900381976777332243781 * 11761957262582764997761 * 900900900900990990990991 * 2304017384484085131816292573 * 6060517860310398033985611921721 * 117609798518967483441609863271124249 * 36096800156828895568286578224818258719817914995401933354161 * 722898512786203801042951920020842806081459364277150501545096737658329011666631945714409,PROVEN,2160,36,38
470,11 * 41 * 271 * 5641 * 6299 * 9091 * 20681 * 21997411 * 35121409 * 518203357921 * 4855067598095567 * 190893195970004711 * 1589908647339072250321 * 297262705009139006771611927 * 316362908763458525001406154038726382279 * 605431706028029946531059199512572282414786250085768871 * 94518941227657738924275388203289075281658118450062185929972854243729690463660471 * 4286364887150220673583225059177107721806065475972215552125258086068959357115762795701840175683004019170941959169708082929486830943679876008361716880663960188314299305481,PROVEN,2106,18,18
471,3 * 37 * 301670477 * 458274224329 * 5180282664612031 * 11427999892821876397004936937893 * 62215843720305220554927390230621406393020456720568865828056666081536686988802881944531436460921074521 * 1640259175221723797786233348156700513564345502781851447654042775375772294825108377125627674387206196531834389323135517030822828838413 * 1198502969560954086012481725168695397135830513406164199283390644836971622395777548502750249372319768692484414977114966914781995864448420397015346304418294720261680325683,PROVEN,2104,9,9
472,11 * 73 * 101 * 137 * 1889 * 395026241 * 430148941 * 2559647034361 * 6218964172073 * 3410758635375200561 * 1090805842068098677837 * 4411922770996074109644535362851087 * 4340876285657460212144534289928559826755746751 * 32394937980403032343941480318880086318307142570248235727782772042697 * 230175856669373992253976277974612031182496625023886807386072581333871027940087154579555293851089822885094561 * 36837015057313006096634536795587748230336921494253255771361450341226561526611901358724245001042863132758337028749847212746321,PROVEN,2075,16,16
474,3 * 7 * 11 * 13 * 37 * 317 * 1423 * 6163 * 6637 * 10271 * 132247 * 307627 * 90758677 * 9615060929 * 49172195536083790769 * 1603873536486496162414778277997333003 * 3660574762725521461527140564875080461079917 * 66443174541490579097997510158021076958392938976011506949065646573 * 6188975208492505209268886608725598925166783728988042084791755874926952500431775685466135397158979759267737179161 * 1251990291329257796002278912741887225923362508309806834359341444948291275981327174223618327402150792085738318266379138644493775947105115101637978649,PROVEN,2252,20,20
476,11 * 29 * 101 * 103 * 239 * 281 * 2381 * 4013 * 4649 * 909091 * 923441 * 2071723 * 28559389 * 121499449 * 1491383821 * 1868879293 * 5363222357 * 21993833369 * 3924966376871 * 275855329893529 * 2324557465671829 * 5673320472670315859129 * 20087794479102305428621 * 768736559421401249042753476963 * 323012942148562751650814544437350454640448842187 * 5582637833682557709253612812885341475900082138954691763178176941 * 103746647830421551242486430622636901002236971549990724717454338463 * 13712255219708533473813623053189821987961076229175414555827926545777661379291311684923609,PROVEN,2170,28,28
477,3^2 * 37 * 107 * 333667 * 351391 * 561907 * 1659431 * 3852774594841 * 1325815267337711173 * 185328247384490197483 * 47198858799491425660200071 * 5531253129816265988484057276324854945515571738887832917 * 359063423236660819432590808852669867324258623298339641467853849067 * 264325393858573053034128648181202531414568796061070622864135564291201 * 1216014138545042426146100451447034631004763897044361520224119802411417027642329288384430088111832831908816824946425421818071911957002330047322512752032016992082391900763747247208417079,PROVEN,2039,15,16
478,11 * 479 * 142847911 * 508399838327574001 * 383155477843726029783939406113226468701730728790004161 * 2846390188891241030645451773087716881978563746547069042984813032147999326242449 * 128780300340244872385688233345188210841783983757299260103530718169486826135819357 * 3290967632861131703281828943635774383301940171982919699073443165222894023742681701403432993547 * 6282138071505210318841228543562283508437569619884438177000652801796615935488955777747431198279234592543622766101015393665597896857185313159459,PROVEN,2167,9,9
480,3 * 7 * 11 * 13 * 17 * 31 * 37 * 41 * 61 * 73 * 97 * 101 * 137 * 211 * 241 * 271 * 353 * 449 * 641 * 1409 * 2161 * 3541 * 9091 * 9901 * 27961 * 69857 * 177601 * 206209 * 1634881 * 1676321 * 2906161 * 4188901 * 5070721 * 5882353 * 18453761 * 39526741 * 99990001 * 1132716961 * 5964848081 * 66554101249 * 947147262401 * 75118313082913 * 9999999900000001 * 19721061166646717498359681 * 281259985248437790051014401 * 31388506438433752927908678241 * 100009999999899989999000000010001 * 349954396040122577928041596214187605761 * 1786971871341978412769793172635403245447905376001 * 315091637261160879997346594408168422516385623286349240690538356681453806401,PROVEN,2151,50,50
482,11 * 11087 * 140263 * 125997820213 * 166118970220264489 * 2065548882433064749302848511798666276437 * 6864117620760368762783548070444378476387203247067308861991 * 10734328616712968433093169061034947601976065423298090207036703 * 158715941546670849311391020024189333149081432811742569113700460903741956467151269742335031378183866433849119125209 * 1284723718027907578308161847718833604584745675921223819698370321057736028110620211093158003640524870589886498093069906476856343743741576560078333050912151555369147240369917,PROVEN,2087,10,10
483,3 * 37 * 43 * 239 * 277 * 1933 * 4649 * 6763 * 10838689 * 14461987 * 176686231 * 472341157 * 203864078068831 * 4828646712337104427 * 11273170771131750391 * 11111111111111111111111 * 575760557843831535447049 * 450663669979084462369440511 * 1595352086329224644348978893 * 1626777403161656797092007877 * 743788460040575433164126277803085761213134142291053 * 15362898429170396757717888856328974146292496901433891193564055671816191643 * 466147044490298160722411419927713163984506638935532306492900871806594784006476225682761407272737139500646391896558406302024321307,PROVEN,2118,23,23
484,11^3 * 23 * 89 * 101 * 4093 * 4357 * 8779 * 15973 * 21649 * 25169 * 38237 * 56629 * 170369 * 274187 * 513239 * 1485397 * 29606281 * 1052788969 * 1056689261 * 102502981431359171598893 * 1491164086760128255001869 * 209363088773816814667969748813613304559806235889961 * 544471001372579296332291652675646774644208265246405598834086237345292487 * 597149176209530412360795391497657340159943421992502538230831481682232969649167277637825641074323 * 112140147722111043368115238376781750396610212197485327927551327238484846570899558676962628229357741668578262708884771183293753569,PROVEN,2281,25,27
486,3^5 * 7 * 11 * 13 * 19 * 37 * 163 * 487^2 * 757 * 1459 * 9397 * 52579 * 69499 * 333667 * 2462401 * 67430557 * 70541929 * 2458921051 * 14175966169 * 440334654777631 * 676421558270641 * 456502382570032651 * 411361786890737698932559 * 610600386089858349939139 * 130654897808007778425046117 * 810316718654935254370114242173495345974018609204623064367629310709846283851718998731856856949061264781563433202832207926987960406521712613 * 899718757349577828631761341730093220713822770643140264600436229195941807849819816835925771559643276518390048146301688389176642719947087961896703,PROVEN,2284,27,32
488,11 * 73 * 101 * 137 * 733 * 4637 * 81131 * 329401 * 974293 * 1587221 * 2438537 * 1360682471 * 81183810541 * 106007173861643 * 7061709990156159479 * 10399345405377216553 * 101444162656037151745878558385892753596849 * 11205222530116836855321528257890437575145023592596037161 * 89376848303370085832547257811113680017983140270444916137 * 75743388768260974116327848920184337528059461788181539337429709 * 441160056784956066935585043996395720339746991856908200056965652272217569686164467898219919069368304598422319868082307673772600748575192615252243347701807248793,PROVEN,2212,21,21
490,11 * 41 * 71 * 197 * 239 * 271 * 491 * 4649 * 9091 * 18131 * 123551 * 909091 * 4147571 * 336737801 * 505885997 * 23609565631 * 102598800232111471 * 265212793249617641 * 8274923251622825388807721 * 653518704357372488880162997801 * 1976730144598190963568023014679333 * 5076141624365532994918781726395939035533 * 74689140199104459031993110210054016743223513365511 * 203516044706214609477702993254172225288278166588115003201602386454909778841 * 171885313809023973316297299617001972028698082056007969699724137675797535402763434997577528908814962221209301350715566313549141490281,PROVEN,2156,25,25
492,3 * 7 * 11 * 13 * 37 * 83 * 101 * 739 * 1231 * 9901 * 68389 * 148339 * 538987 * 1811791 * 16419517 * 626920594693 * 2670502781396266997 * 9425856976319889649 * 3404193829806058997303 * 216667590115007379484962361 * 201763709900322803748657942361 * 8414640003465161203119978906558054839526493 * 83991579034720609392656974112397395006880745482841386049 * 61051796035522969271171274876554178504544683763248923853725596423 * 1447745997018511893740076606031686237538345362413531560645573104006506749609 * 554997773096088237513524958962449928676083464040648051002127127164539795044109,PROVEN,2292,26,26
494,11 * 53 * 79 * 859 * 1483 * 38816051 * 82266809 * 265371653 * 1058313049 * 909090909090909091 * 1111111111111111111 * 1024516164479902988921 * 1299823520026173021751 * 153360717056181938148119886537684707068363643930609 * 438725907577156177685201819419114255533305134233669402807964649891016719989703392491612289098617653 * 785169466067103922302074341602058239426162618120338520239766767222347973614225900721518268190627331693 * 2971556702876640935255606565452637114794219035365675458103437520005089301113114724921776357458078804454589852862831100843,PROVEN,2100,17,17
495,3^2 * 31 * 37 * 41 * 67 * 199 * 271 * 397 * 991 * 1321 * 21649 * 34849 * 62921 * 238681 * 333667 * 471241 * 513239 * 2906161 * 18679321 * 60834511 * 83251631 * 596298133647227881 * 1344628210313298373 * 4185502830133110721 * 1300635692678058358830121 * 138267770127916457629034873443951 * 16860090181450569942798606214497570829921 * 1703548913892494075097664562023844278044121 * 362853724342990469324766235474268869786311886053883 * 5898361538755660499929123185996968161779290911542722951712487387346014412041 * 14989771673443409019874558921389684608157138239906931183380750230163484811077013632926641,PROVEN,2251,31,32
496,11 * 17 * 73 * 101 * 137 * 1489 * 2791 * 2049349 * 5882353 * 6943319 * 640543322297 * 27908132670449 * 789592121167489 * 57336415063790604359 * 384705444182230291105649 * 866353530992835497979626513 * 909090909090909090909090909091 * 483128549554512237305554588359039822397307149685578249 * 2212893713887918222645451169509853038253459532292347577233 * 97645954668018846467287180866355758374263120864803042536883990817097 * 660604434404260846910281367365053154708765216915398862085932105728073399727051255954484746381837884289669103543541094033006584881480446026721,PROVEN,2289,21,21
498,3 * 7 * 11 * 13 * 37 * 167 * 499 * 997 * 4483 * 1442209 * 2184727 * 3565183 * 2097307081 * 3367147378267 * 1413141919363039 * 7742098247001476863 * 9512538508624154373682136329 * 346895716385857804544741137394505425384477 * 943176903141330068482602900960294299878841 * 79631228080621938573499710253940180960724841 * 3524445389714777887659796421466286321350017806951 * 8640537866821528796307988728455578923633637199851 * 50669696582521096493425697065918805986271011284126373 * 8088945454234260244205089187478561681297577735664282460646605211488071308329141235925700004673611573,PROVEN,2304,24,24
500,11 * 41 * 101 * 251 * 271 * 751 * 3541 * 4001 * 5051 * 9091 * 21001 * 21401 * 25601 * 27961 * 60101 * 76001 * 162251 * 1610501 * 7019801 * 1797655751 * 10893295001 * 182521213001 * 14103673319201 * 78875943472201 * 176144543406001 * 1680588011350901 * 42051775804956304559810859008305819975199677041099230574273451704628125001 * 269409792871731627664586194662281233853701011108906726055753272681082282441709251 * 32886082501657187247904557195788749020689459942486319578774270656490822624175142646095920001 * 6209247929687718293872530970176361270188593487368651121607499902204345107547278766048583639501,PROVEN,2071,30,30
504,3^2 * 7^2 * 11 * 13 * 19 * 29 * 37 * 43 * 73 * 101 * 127 * 137 * 239 * 281 * 1009 * 1933 * 2689 * 3169 * 4649 * 7841 * 9901 * 10837 * 23311 * 45613 * 52579 * 98641 * 226549 * 333667 * 459691 * 909091 * 5274739 * 10838689 * 45121231 * 99990001 * 121499449 * 11189053009 * 41593295521 * 43266855241 * 999999000001 * 1921436048294281 * 3199044596370769 * 603812429055411913 * 4458192223320340849 * 127522001020150503761 * 148029423400750506553 * 7064204436768358634702473 * 189772422673235585874485732659 * 84127549110077880819608858067897680511169 * 22906246896437231227899575633620139766044690040039603689929 * 40455276360748528742442560829688448751215185778145671171534342753113,PROVEN,2276,50,52
506,11^2 * 23^2 * 47 * 139 * 1013 * 2531 * 3037 * 4093 * 8779 * 21649 * 513239 * 6866927 * 72932311 * 549797184491917 * 11111111111111111111111 * 134411715692212607377411 * 2615313691182114927177553117 * 15337144509054922683782139071085174884729178110446537410955346468046918984257939956676555417200895329454341885545324780441678759583856137863709875957041814375385619768092793133653 * 518161682105441937939808904314725384155713341883811066168098350771698037823583202138442087113080605799348512678760456904991628242013240243722358296452409076794591284845951908904139995059681,PROVEN,2234,19,21
507,3 * 37 * 53 * 79 * 11831 * 265371653 * 26973251761 * 6131410474489 * 58002376984350075862027 * 900900900900990990990991 * 26953120377454000308377162599 * 82638297310634344310411757401076652003 * 2709246550432452192307438140153898730002165574677 * 1383906125377990823745051521665361287866249997770983367680122139350699914609150997586781841 * 31198234389876128002952782212916694331889770402831700346290124318006436464972357735278842644511160852523 * 33819210742473699610142641553130610992207339724356088189206204893112987291740753456680201938098254931361743311,PROVEN,2179,16,16
510,3 * 7 * 11 * 13 * 31 * 37 * 41 * 103 * 211 * 241 * 271 * 613 * 2161 * 4013 * 9091 * 87211 * 102001 * 210631 * 2071723 * 2906161 * 52986961 * 262533041 * 787223761 * 5363222357 * 21993833369 * 291078844423 * 5516286288241 * 8119594779271 * 77967508765681 * 13168164561429877 * 377526955309799110357 * 4270914986978327797975291 * 17452955481423492661946457391 * 34194473116159546979818689031 * 216219010761333454086082249502131 * 4222100119405530170179331190291488789678081 * 160220794821014452066741918303580917664386555934641 * 175137725562337579790651749196120587807233668420015131 * 2385503624916094046163570223793978575506412147454036200711,PROVEN,2211,39,39
514,11 * 30841 * 1017721 * 4271961427 * 41236044512156603777979544195943152517271779 * 668337078771358175173561511352921717498789809202021239 * 6621650829759394867011952029659651154933062041670057842400167 * 20681782035095012570348770193027967570464573338540010029348210640101028474215350858563 * 184891914325572583999103829191769397590949868815625664836282968378825198591804410927364026968229554369 * 1079532167431061415165932592055901092454451592309148326151617900514215922407756340218895879841860600138403440141998167181967545309634241890872640207,PROVEN,2239,10,10
516,3 * 7 * 11 * 13 * 37 * 101 * 173 * 9901 * 338669 * 1527791 * 57009401 * 2182600451 * 210769832431 * 1963506722254397 * 2140992015395526641 * 407429732767505248479163 * 7306116556571817748755241 * 8045181580990560114237163201 * 304768036847074491064894608014695867632997 * 3605696680890791382725432167911038465896663 * 13441721102334727627682496494535257828666281 * 202026760686388880964731015757788959143121139209 * 10490974994611747848197172839956039870723832569747 * 46229724820742226005075125617528225785246749164469 * 2923500556298303355222653948542706598448925085853709961673200056984872843366529,PROVEN,2362,25,25
518,11 * 239 * 2591 * 4649 * 7253 * 909091 * 2028119 * 64638631 * 247629013 * 422650073734453 * 296557347313446299 * 2212394296770203368013 * 3663802449983927390483 * 68941184253610253169908132923 * 4748510899300162563150136104999362670229727801 * 3091086674769589337569777240589592264676648718635101423877 * 74941782666871080572139707864851693613852773414268140020183607240075991444673103041682886153162527722083599097543 * 21275128996491722859002093022312985327142638642172536870145797362098684878911034550744112751590889459613568328960512333236460772729637955527510585680280719,PROVEN,2324,18,18
520,11 * 41 * 53 * 73 * 79 * 101 * 131 * 137 * 271 * 521 * 859 * 3541 * 9091 * 27961 * 1580801 * 1676321 * 2311921 * 265371653 * 1058313049 * 5964848081 * 162503518711 * 1031498834064949381 * 12763852652999774041 * 1900381976777332243781 * 12119730504567977254081 * 2737820036624672031089487008281 * 5538396997364024056286510640780600481 * 120920505705101252491925533049923433521 * 632527440202150745090622412245443923049201 * 8396862596258693901610602298557167100076327481 * 175067038724863563854848045107963303611128869041 * 6279815040943032407714418831204387527919360005277361 * 7523020307427066273763456609903850552762967576510974081,PROVEN,2179,33,33
522,3^2 * 7 * 11 * 13 * 19 * 37 * 59 * 523 * 3191 * 4003 * 16763 * 43037 * 52579 * 62003 * 72559 * 155557 * 333667 * 670249 * 44974999 * 9113995243 * 77843839397 * 638453709757 * 7299238406959 * 135080726389891 * 2762580729671077856014459 * 154083204930662557781201849 * 1274194732898148471766404179653 * 9136734149894295938064503769037 * 6811645794372004956047418049529911921 * 131108694538423601496731528051392288744803439 * 310170251658029759045157793237339498342763245483 * 795147384607512419909180910115029853603685148570876907 * 341961712618023873833889329797322976594377309179358917195456869103863096664894815555956884183686442687,PROVEN,2521,33,34
525,3 * 31 * 37 * 41 * 43 * 71 * 151 * 239 * 271 * 1933 * 4201 * 4649 * 21401 * 25601 * 79801 * 123551 * 2906161 * 10838689 * 35120401 * 435288001 * 30703738801 * 182521213001 * 625437743071 * 102598800232111471 * 18525843918490695886751 * 57802050308786191965409441 * 991474271662986957800680951 * 15763985553739191709164170940063151 * 4401268665169140025731821222935000987130551 * 54442267778748734853078961420361450411594669214709944589849727424959801 * 186243861617073980885505452610064684612129749201325732764290050555482397120222194754557152744180256772035732524938930620412706217059111157975741996041453725977078102648969888751,PROVEN,2248,31,31
528,3 * 7 * 11^2 * 13 * 17 * 23 * 37 * 67 * 73 * 89 * 101 * 137 * 617 * 2377 * 4093 * 8779 * 9901 * 16369 * 21649 * 432961 * 513239 * 5882353 * 10100113 * 99990001 * 599144041 * 1052788969 * 1056689261 * 5419170769 * 6796152793 * 24387741577 * 183411838171 * 789390798020221 * 2361000305507449 * 9999999900000001 * 1344628210313298373 * 126197002179733470481 * 75675153541982860202858401 * 283830826522232279893972777 * 11786300284844910479546815969 * 16205834846012967584927082656402106953 * 9900879227786858424257223656804730798555422102713108259184822982673560177 * 11211641228630565679165073415717349211301068854209340842417386559363002502053200017505737086336239008966529,PROVEN,2342,42,43
530,11 * 41 * 107 * 271 * 9091 * 538481 * 1659431 * 2040723131 * 1325815267337711173 * 47198858799491425660200071 * 3961565781890816563346704051 * 116721153193946736160194298023751 * 9090909090909090909090909090909090909090909090909091 * 2526777489848353556260463473948408884731636893126614892491647668607221061047888823703614571160074916162049747740059809135560066761697620048479221189904530026582759451 * 77107617210954370104069968894119072505511691158429086125012492642916812022149182797672604495991177026837559497474202270574990595009382397953651406094225451401296484645995376241,PROVEN,2350,15,15
532,11 * 29 * 101 * 239 * 281 * 1597 * 2129 * 4649 * 909091 * 121499449 * 14691812549 * 2021015460335957 * 722817036322379041 * 909090909090909091 * 1111111111111111111 * 1369778187490592461 * 1728095716605342484009 * 247025236977306025681323889 * 61828645758322140842666144519962696417487 * 72021403933746126426491665754465510017877 * 3845225778323318739662926792353902964405172909187389 * 278848299862043143754907679390585776516393006235209786029420958416508667488018611321233079 * 4859378131018035310593858490137688922829468686775068797577396520148545290055799616742354372616293735785798821073310265896384033181,PROVEN,2408,23,23
534,3 * 7 * 11 * 13 * 37 * 179 * 9613 * 497867 * 3154339 * 103733951 * 104984505733 * 118941438655807 * 540913940517169 * 12147237304901893 * 5078554966026315671444089 * 403513310222809053284932818475878953159 * 1054927415257693631440903203309586374903030044747807503 * 4180967272673252032291190917188955510245874180001164839931077197586653 * 277647953094263129557791800758437062357091717570293219577986145801595477739802212252078988231259971169 * 17325664671184692265593556093236354753889091916984839786843373136949346408767908517386284403996865926210851082169755833546074754110413766826738528679977268603,PROVEN,2479,20,20
536,11 * 73 * 101 * 137 * 269 * 4021 * 493121 * 260587121 * 27316505681 * 179093946929 * 79863595778924342083 * 94927228208573594069 * 28213380943176667001263153660999177245677 * 2302527353565357450759725122262880394277261 * 16071030565277594576986582552521799177065559188277159741 * 188559663327876471888363315685992845311774522520360566601659121 * 909090909090909090909090909090909090909090909090909090909090909091 * 1083931224855529288843363709480842047163176902274082018904635281652127276952058927069578788560035566749512645808889946013865548858442895580378678360552528197692322041991044570589569,PROVEN,2509,18,18
540,3^3 * 7 * 11 * 13 * 19 * 31 * 37 * 41 * 61 * 101 * 109 * 181 * 211 * 241 * 271 * 541 * 757 * 2161 * 3541 * 6481 * 9091 * 9901 * 27961 * 29611 * 52579 * 153469 * 238681 * 329941 * 333667 * 1577071 * 2906161 * 3762091 * 4188901 * 16357951 * 39526741 * 49229101 * 68189581 * 70541929 * 310362841 * 14175966169 * 258360989311 * 577603663291 * 999999000001 * 8985695684401 * 31023833790241 * 440334654777631 * 4185502830133110721 * 4999437541453012143121 * 13029637224192121671301 * 1105097795002994798105101 * 59779577156334533866654838281 * 483418418597220677238517353915231961831 * 8610583349234340055547908764091017276717091 * 141849229571534821256183437819902857798933927761 * 902957305935680526667861848839993076071896366838581,PROVEN,2445,55,57
542,11 * 1627 * 3253 * 56369 * 13631530938380353975492092299 * 4790817014835738008638872886922952208975172696533 * 256031814642414583920091086688834271205176259587307504943 * 1048154349784751879382669983663641683212388646898930858425249862927198203812672579936297773867 * 2412652549938187690681862903302191659524200153033712268990822306244494738017616736234979312358033162119575067503362223427 * 80072738860992416363006630180480205233270947285561349320187586148230645206844076936593016233492608684386014640420902971076925333121186484088558037848433079987468965872130196785578571,PROVEN,2466,10,10
544,11 * 17^2 * 73 * 101 * 103 * 137 * 353 * 449 * 641 * 1409 * 4013 * 69857 * 2071723 * 5882353 * 28559389 * 58627969 * 152533657 * 1491383821 * 5363222357 * 13355595217 * 21993833369 * 2324557465671829 * 8274466617334672110426476083265843201 * 65552746171882583264230070868884366877803237222654400793 * 32834183607181658456698862190332942753904274373750127864196636481293558631166688587638325415670849 * 627810998673389218825263319860513240289438361646700648804034810302457438784160932972184864281054744807682885907521 * 440441087557478776852171834625638618412949059374084837579531425633661269203803741415744566525108430933975383194546209,PROVEN,2504,27,28
546,3 * 7^2 * 11 * 13^2 * 37 * 43 * 53 * 79 * 127 * 157 * 239 * 547 * 859 * 1093 * 1933 * 2689 * 4649 * 6397 * 14197 * 17837 * 102103 * 216451 * 459691 * 909091 * 4262077 * 10838689 * 21705503 * 32786209 * 265371653 * 1058313049 * 43442141653 * 388847808493 * 139708570703521 * 316877365766624209 * 900900900900990990990991 * 110742186470530054291318013 * 5331924088485663758835996822909123141656859869805374791 * 41581922354501494989643248990038120073192746309334167880538170373 * 50678387411703889101759125785290439894389920385627096501794498837 * 8912569571903773640423787742857701624820835919699625957033503601168338923351027082278688276455237261214743926133405384757726021771250608797,PROVEN,2546,40,42
548,11 * 101 * 2467 * 364393423 * 718606649 * 2535528323 * 40160350429 * 117651465889 * 441651480271681 * 676321006412903 * 1029879756928762117455431 * 140175894162990609843314797 * 218801242136856556680173235529 * 3244569580634956101009646791013296826459859399717968478099 * 12304388013741766748587780409670226810319992722055173127328805633899245853 * 11621897163409200201223887528138662702903389700229845471814520224606678003269 * 1651732052430074361873884440693609861769561877782463897348222686035759826875067120033981 * 178720049686128661890023146702383771619725932844782734965468342419910154928823674286045929,PROVEN,2477,18,18
550,11^2 * 23 * 41 * 251 * 271 * 331 * 1321 * 4093 * 5051 * 5171 * 7151 * 8779 * 9091 * 15401 * 21401 * 21649 * 25601 * 59951 * 62921 * 513239 * 83251631 * 20163494891 * 182521213001 * 1501539197401 * 78875943472201 * 318727841165674579776721 * 1300635692678058358830121 * 2495283264895779020253203931608951 * 1491273678477173069027664948012233844398077028447940172193498801 * 44659135987047270733848138282609193992779311307114487270946545676364972087041313965550458035508373749740227131627209038723801 * 6069650333889644423896816835276507778804898705650161138729963603757211141984131085449988328049514249213169785004014797295919583814686411189300687347453551,PROVEN,2428,31,32
552,3 * 7 * 11 * 13 * 37 * 47 * 73 * 101 * 137 * 139 * 277 * 829 * 1289 * 1657 * 2393 * 2531 * 9901 * 31051 * 1569889 * 99990001 * 1469409649 * 18371524594609 * 143574021480139 * 203864078068831 * 549797184491917 * 536430531035337769 * 757108543129939106221 * 11111111111111111111111 * 24649445347649059192745899 * 1595352086329224644348978893 * 4181003300071669867932658901 * 38115215074391056784287931569 * 19108466176791400681292709171992566565029 * 4178437150016715837818641871709193476807772628503969494400330129962348520684914375257 * 1077654773020602154835873595438016994801570811542710006429679112760889048401772560028378495799359646781326368530020399986158679489264953,PROVEN,2510,35,35
554,11 * 9419 * 9973 * 2583222779 * 1016157022810759 * 102092644289739525085919338335107091799 * 327650532696035587659287570766072667236893650986365027 * 1791947410655996336975059053251127469487134368847917252099082548089 * 357860022058291030637547388712539215949789354777863692262948494477223727474739887 * 18241732237793449716631178477563590797706634026955480055027758012372774897134896974103171504923719886357 * 10468914499016579557201453341874912215225582139574447316416037464431191539530016363378410596200156667456521361543364087524984553450338741820813125049764526797163897841239696982641,PROVEN,2593,11,11
556,11 * 101 * 557 * 1669 * 2503 * 119124859925363 * 154220035640400941 * 22566203851955475809719636369904190294286729 * 538978365796508304569088931293097537674917585678041 * 17578550135840913456911316683567075151132274090424405862513992032108985729 * 17991550746452636778885686845907191686483610285262887318124980694534367263929242005840749 * 9327281575040435942820030416618073853906181206383845973140973454310325710523151012873614569275960380714495413018734336834397 * 652065570931334169846518762110895357104035953330623783530923329412897765703841859492780362601926814638167836591846272150911969126521,PROVEN,2484,13,13
558,3^2 * 7 * 11 * 13 * 19 * 37 * 373 * 1117 * 2791 * 44641 * 52579 * 333667 * 6943319 * 3590254957 * 18989357081041 * 57336415063790604359 * 909090909090909090909090909091 * 183372282864547916749018225828651 * 18381907262281244633158190677786966663091011 * 1986554577939642346080445591065987383029299397551517 * 900900900900900900900900900900990990990990990990990990990991 * 26482240558849649428997839294200400073279400076391385974040639424711652653275956393124643579489053184768787972981533 * 4887054837129490444185770642291712106451445708466643483270887621857163512076927093556902832792696796518529880218993484798134507347686651311824503,PROVEN,2632,23,24
560,11 * 17 * 29 * 41 * 71 * 73 * 101 * 113 * 137 * 239 * 271 * 281 * 421 * 3541 * 4649 * 7841 * 9091 * 27961 * 123551 * 851761 * 909091 * 1378721 * 1676321 * 3471301 * 4147571 * 5070721 * 5882353 * 13489841 * 121499449 * 5964848081 * 60368344121 * 5758943337281 * 102598800232111471 * 265212793249617641 * 73765755896403138401 * 127522001020150503761 * 848654483879497562821 * 6717658458758041138199521 * 19721061166646717498359681 * 119968369144846370226083377 * 1081862991605594332069477594870669601 * 70488250368897247920709885766793062547616862669921 * 245852083551051217541465412461202922395395232640413677301754561 * 1174155661036370531158387153086358732085761158354280249987966107746175275693416345665039841,PROVEN,2514,44,44
562,11 * 563 * 2597610354323 * 6560496291091 * 380431988961690791 * 58513940129535379432477007 * 133355295524380732608674846305692470329 * 6094463724238514393536486476811741232272703852684691428123942057856885180480111114373298517228174199 * 1431135121058581084714805848152798178115682551730402597243763044287124792572084319412841582786640330468733 * 24572667187030742323689266735632540756671723462383546166209137482283858012690253572647496100404508005527506599 * 16547433246480520174349179207193433881181252010316221293841402155991914006665222503784862841092262365532740265874407144559674728417785771,PROVEN,2411,11,11
564,3 * 7 * 11 * 13 * 37 * 101 * 283 * 1129 * 6299 * 9901 * 45121 * 344887 * 9127213 * 35121409 * 3792128943527581 * 4855067598095567 * 721030498171501831 * 1160803383934463712259 * 297262705009139006771611927 * 2246285860430986548506215527001 * 316362908763458525001406154038726382279 * 2144906157509411684424913774078958939881 * 1023037643093214557651333120422980213172396059301 * 441659454625809720192647055276257528637832621638030289 * 30073566270559048948142559741512708796590524703892560552659 * 441506346488360048482114135141919313523563714948107161215664533500695867 * 2377887731204762925852743951147119066491658516292086935221758265146322256742372441,PROVEN,2425,27,27
566,11 * 1699 * 241117 * 16809360945688609 * 61945573305222690279363663578823967 * 49019999488937337866558715558211303750925973449 * 151168348012920493188164812150408056175148228488823 * 42608585710315399434791772854102387791567329009634088723 * 14581234319103066028775672489693676585356108680217557645894667901188624395417379659379946959868199 * 106393446972507937991487601102703459244489736351074415614092465329980738832471825773491687393134429923461704971227 * 4834389726736518293852244130660191969670797610633948645694761977558159678896763591712097243317272920296826630341374217553659008741548305187653,PROVEN,2710,11,11
568,11 * 73 * 101 * 137 * 569 * 7669 * 290249 * 4672937 * 11473030297 * 273919647900781361 * 380623849488714809 * 241573142393627673576957439049 * 7716926518833508778689508504941 * 93611382287513950329431625811490669 * 45994811347886846310221728895223034301839 * 22848119041855139346027890461325138752752437281 * 82519882659061966708762483486719446639288430446081 * 31321069464181068355415209323405389541706979493156189716729115659 * 44647705187364612522122975648958308190023012536081192611094211843306393900887680445089061753 * 667445373322555748825141520503793291652186991286836837554650386381311674104658216820684054966269965371491433,PROVEN,2585,20,20
570,3 * 7 * 11 * 13 * 31 * 37 * 41 * 191 * 211 * 241 * 271 * 571 * 2161 * 9091 * 21319 * 59281 * 63841 * 1458973 * 2906161 * 10749631 * 1812604116731 * 121450506296081 * 909090909090909091 * 1111111111111111111 * 11382273828031938028891 * 3931123022305129377976519 * 43135513763991692454656851 * 1289981231950849543985493631 * 18449288550044654139241919401 * 753201806271328462547977919407 * 965194617121640791456070347951751 * 844267447094321323435601792968017601 * 219414044208440803345204019137889332111 * 324783939894016192422708375439566497511001 * 4996731930447843676185843959746621491531100801 * 3245978377655567212760904825925262846295198021902309330517162600205414882257480287263152055681,PROVEN,2387,36,36
572,11^2 * 23 * 53 * 79 * 89 * 101 * 521 * 859 * 4093 * 8779 * 21649 * 51767 * 513239 * 2823679 * 180523201 * 265371653 * 1052788969 * 1056689261 * 1058313049 * 22144088539 * 264752347289 * 17576772101461 * 104730101107272149081 * 1900381976777332243781 * 47428676444591705727929369346443 * 754309323029578981494450523147961 * 4832227158939716614468345433242909 * 40520191245153663291616075979301737566653577978261825599617472901135361 * 34607524609209512562213651270561528862879196390936320471942325254862879783 * 37226581283489953701472184267606576037130878873797366013283473311751294203 * 389057640102575795238314817222406419443832674379928206992954147805827425053833398395365869,PROVEN,2607,31,32
576,3^2 * 7 * 11 * 13 * 17 * 19 * 37 * 73 * 97 * 101 * 137 * 193 * 353 * 449 * 577 * 641 * 769 * 1409 * 3169 * 8929 * 9901 * 13249 * 19841 * 52579 * 69857 * 98641 * 206209 * 333667 * 976193 * 1067329 * 5882353 * 6187457 * 99990001 * 66554101249 * 317752351489 * 999999000001 * 75118313082913 * 834427406578561 * 3199044596370769 * 9999999900000001 * 1253224535459902849 * 53763491189967221358575546107279034709697 * 111994624258035614290513943330720125433979169 * 70716147055257711374123575798428608590219877617672752248112085912824160137075376116481 * 5454254688947363287683007582959957955687742850180556063819779071987764320758722919012384757528711422022983327967821005633305513155176634315060424546674322713747588377841693274817,PROVEN,2705,45,46
580,11 * 41 * 59 * 101 * 271 * 349 * 1451 * 3191 * 3541 * 9091 * 16763 * 27961 * 38861 * 43037 * 62003 * 618049 * 9605671 * 30104611 * 58765601 * 77843839397 * 2433146345771 * 17996132431060961 * 15589280974996818911 * 1767955366388381478541 * 154083204930662557781201849 * 14087942679857610940613213182901 * 80684370001269698853996151670133742711 * 11811806375201836408679635736258669583187541 * 744909731145732233993613931089059528977143716201 * 97862727665480231246011008935563207741144491224418517422691228321 * 2004594328563924403139229874961691116225480361118012967681424919657782526297077161 * 2022907403453455435045739409943184658625113693600363497128797657397794468271632034457525101,PROVEN,2569,32,32
582,3 * 7 * 11 * 13 * 37 * 1747 * 18043 * 12004721 * 1625625533641 * 1953725183587 * 1012047221926483 * 102527361354613106010527 * 323338434891034089173475790125293 * 846035731396919233767211537899097169 * 27422699366054621683295623079471066588881 * 120993298365129876163173210302328063293143 * 109399846855370537540339266842070119107662296580348039 * 8891818787293057739983401355642934276602227487744860095665877038324404977293608767835458958630407978525248669851058970582776014290935772599808911 * 9082330292251962304688193151167683450110136179543368546373275157823981917087560492592244850476097147293654306654509712541945987920778472370936173919077,PROVEN,2651,19,19
584,11 * 73^2 * 101 * 137 * 293 * 1753 * 468953 * 5911541 * 12171337159 * 16692085818029 * 5774294197526381 * 1855193842151350117 * 162393769017609303761 * 182202742802607835615596881 * 10826684964539959837294043117 * 286578888976194997999922592330908602103011 * 49207341634646326934001739482502131487446637 * 972234562027718778906635682891369717286635199884272325005809 * 9537037576103752545861071409967321761728999089417907986752766348817191016093460769 * 14999165155859618821508723922939117714174412730158634078875737296006185810419004608104019977 * 7035824104334249358887740710881970075945291109469322153083026920245824611188573249681116336645956647224241,PROVEN,2675,21,22
588,3 * 7^3 * 11 * 13 * 29 * 37 * 43 * 101 * 127 * 197 * 239 * 281 * 1933 * 2689 * 4649 * 9901 * 63799 * 226549 * 459691 * 909091 * 4715467 * 10838689 * 121499449 * 505885997 * 267652966241599 * 2603941883787374089 * 4458192223320340849 * 1976730144598190963568023014679333 * 4769337181464959147997704753876850429427 * 5076141624365532994918781726395939035533 * 23742102289472351423104605582718329399560972065457968561934785062599221 * 142857157142857142856999999985714285714285857142857142855714285571428571428572857143 * 999999999999990000000000000099999999999999000000000000009999999999999900000000000001 * 42119269296696900571911233210284860119181841417224327914548495484369630946481330639729038447921181,PROVEN,2832,34,36
590,11 * 41 * 271 * 1889 * 9091 * 366111286951 * 2559647034361 * 215168431547401 * 6898649252938113791 * 1090805842068098677837 * 2353867026803341982771 * 25602601418102182972721 * 193428272579096534429098931 * 803454205095303821868753731 * 4411922770996074109644535362851087 * 4340876285657460212144534289928559826755746751 * 1174468140649914584097264138153408637853221082957239399275046690523556598768034374284436218737159495708861498925726659983288086179744161 * 16561173823211136022363482802391645275515285493540308336921228754968742076311919668509658235206961323981740099150928539743521345087520827755740931867117645939836692779944140665257626271351,PROVEN,2702,18,18
594,3^3 * 7 * 11^2 * 13 * 19 * 23 * 37 * 67 * 199 * 397 * 757 * 4093 * 7129 * 8779 * 21649 * 34849 * 52579 * 55243 * 198397 * 333667 * 513239 * 70541929 * 599144041 * 1981560241 * 7093127053 * 14175966169 * 183411838171 * 31600574312077 * 440334654777631 * 1344628210313298373 * 165426670443186506567467 * 8927244623941181398233253 * 1866763546567680996103417376059 * 141122524877886182282233539317796144938305111168717 * 362853724342990469324766235474268869786311886053883 * 112970308382439859401726947341740704554951737408511354573 * 7907009307594694001053552000588658391100974093457603716419437 * 1113954903312329460800701782039373182801635744784098645224633477 * 74507557122096964531006066514788984423438931950911932421947947339,PROVEN,2698,39,42
596,11 * 101 * 2087 * 10729 * 12517 * 607921 * 535596779200919 * 136916416686052955621 * 9615683031450065714899 * 165459609176797865866134365329792270635207840943 * 2737869430252705432917439814481839640694075521336313521691938014929169431049 * 12463671098882718881327685400890631793963396331809714158641277443477408779299864788341586092901595083520271865575162918829366361 * 1657369267941336519589012993557140069891364992082365534700548884452551757186137655887808209563554371273008938334507277118593589757 * 8895507508554837180752614096475159767380814608706479209439730943455128688243292437421408196724545840220038878927488419955380770391177802169,PROVEN,2817,14,14
600,3 * 7 * 11 * 13 * 31 * 37 * 41 * 61 * 73 * 101 * 137 * 151 * 211 * 241 * 251 * 271 * 401 * 601 * 1201 * 1601 * 2161 * 3541 * 4201 * 5051 * 9091 * 9901 * 21401 * 25601 * 27961 * 32401 * 60101 * 261301 * 1676321 * 2906161 * 3903901 * 4188901 * 7019801 * 39526741 * 99990001 * 5964848081 * 168290119201 * 182521213001 * 14103673319201 * 78875943472201 * 1680588011350901 * 25074091038628125301 * 100009999999899989999000000010001 * 4711806100010561082466291127577601 * 15763985553739191709164170940063151 * 38654658795718156456729958859629701 * 10000099999999989999899999000000000100001 * 4482637729513780747000872935673625025127940754401 * 129694419029057750551385771184564274499075700947656757821537291527196801 * 14612365731240570382005793941286349536257260783370326347124974631092755601,PROVEN,2473,54,54
602,11 * 173 * 239 * 3613 * 4649 * 909091 * 1527791 * 57009401 * 2182600451 * 821856609631 * 13403893556831 * 1963506722254397 * 212057054080446499 * 2140992015395526641 * 120525789336558438197 * 7306116556571817748755241 * 6798855735656881396055959081077830421892567 * 1141240390081433457327371568501745249133720840602413587 * 1752088930844817629923654387608505754917704006063078641900632201094124478044555887071171166365583553287053602700568010683873135238140340718711012045219107751867190380847 * 71587697905322741684108103463794296441015327882063177696259158639042228798228024508578752774858434710598938835672715589909703532313323080905304318511196326865672369231169613,PROVEN,2625,20,20
604,11 * 101 * 907 * 15101 * 20481641 * 181288487 * 429360649 * 153653579173 * 12331942624071394811 * 29877981480806017715604631 * 2646756758131654397378192081701748003041997 * 28656552837574546515657117360191971140211910788651135283 * 3332366532260724652058380106533605034666939213869789759449 * 999882306178377345161889846655198592766347086896770989636138585751423 * 188981422179250214477885038956646476812007525220846625175628245017547495717341304519447280552146559165713534073382085460954497219653965265520569 * 16939050239764829744069756733623580001118023970162008400581443223287867889068114889297596061940113207297675910159110046284460131801859007072447569,PROVEN,2716,16,16
606,3 * 7 * 11 * 13 * 37 * 607 * 809 * 1213 * 133321 * 329059 * 389659 * 2096761 * 1327067281 * 272295362253883 * 4531530181816613234555190841 * 129063282232848961951985354966759 * 18998088572819375252842078421374368604969 * 3041043667691453912297172888609639950518597 * 11500490394117824585468796003575163076836624586334794818271756072956027758946488969 * 2113873057909255954597860117046517523085495996255290561579559808382113111534728679468477428965405362215537576924089595285508298878912860778863 * 157793041231623437279937408119546555586267712054762280488959320521697937521092276297325262649574267470228259745983773969571127099146658127611270714291518805884658999061123143366757,PROVEN,2907,21,21
608,11 * 17 * 73 * 101 * 137 * 353 * 449 * 457 * 641 * 1409 * 69857 * 134369 * 1403417 * 3031489 * 5882353 * 31735795756961 * 722817036322379041 * 909090909090909091 * 1111111111111111111 * 1369778187490592461 * 5240808656722481737 * 297478330786365628414805305290302483555043017 * 57060943016570586495482365104744705358198487226448999934446131233808207036744145484562761542433 * 234504682039452385472228601837391217101263308508305719138749905156540866534427238711769806579683320997636600725852987602204289 * 5781027809699670982923066276961517370230745596931095554485247693107795262271528712840958833270594810840162223912128043002803675468602053212831240543425351530884548678958775494494557904673,PROVEN,2665,25,25
610,11 * 41 * 271 * 733 * 1831 * 2441 * 4637 * 9091 * 81131 * 329401 * 974293 * 38981441 * 1360682471 * 23886931441 * 106007173861643 * 7061709990156159479 * 2589575105599981821056130911 * 2447385101917578576518614756091 * 119724826129796860249638217747306760831 * 11205222530116836855321528257890437575145023592596037161 * 15036424216810835394267218232384724378143658798913881034271601 * 455137305294745983623339076793154863893252334886652646220893202880060879281 * 46389018100608689270432651452124297645484071574686691412784325113145223877494873357561801 * 987514761750377314044686248115773927874277757916135263387950191846440664775915261101432242060019802343954353410785845186369572771804641,PROVEN,2687,24,24
612,3^2 * 7 * 11 * 13 * 19 * 37 * 101 * 103 * 307 * 409 * 613 * 3061 * 4013 * 9901 * 18973 * 52579 * 54469 * 210631 * 333667 * 2071723 * 2142001 * 5364487 * 5969449 * 11910133 * 28559389 * 52986961 * 134703241 * 158963941 * 832339891 * 1491383821 * 5363222357 * 21993833369 * 276402747619 * 291078844423 * 999999000001 * 2405782797823 * 2709009355501 * 3626707988341 * 25332185271529 * 225974065503889 * 2324557465671829 * 13168164561429877 * 41331541464123787 * 157538980319816607121 * 377526955309799110357 * 846160494149365798478410729 * 44398000479007997569751764249 * 112544281755782732673671367061 * 157393477257579000092993572752789683416120273639369 * 13753721844250167674053932561585423251305429858083649 * 783547101206294913371101984838610145434601594940320359051755346054094539252541,PROVEN,2782,51,52
615,3 * 31 * 37 * 41^2 * 83 * 271 * 1231 * 11071 * 275521 * 538987 * 1364071 * 1811791 * 2906161 * 21158848681 * 626920594693 * 9425856976319889649 * 201763709900322803748657942361 * 41766848698222033158540558591648271 * 234065099292222402013296307835793151 * 5440907236518498609451112390256369995629321 * 8414640003465161203119978906558054839526493 * 37654445534598090531061637404570516695225922222356909916889395661871779838862063550827086195341481919418156260385301045484576632937146377914151 * 138183158798049844556158888076448825408549640572463918231240331821392549153929574484365989230246562499465926979047802323674799475877483012920787764390492206676112541676978157780319832830466369638431,PROVEN,2841,23,24
616,11^2 * 23 * 29 * 73 * 89 * 101 * 137 * 239 * 281 * 463 * 617 * 4093 * 4649 * 5237 * 7841 * 8779 * 21649 * 24179 * 42043 * 513239 * 590437 * 909091 * 7444361 * 29920507 * 121499449 * 1052788969 * 1056689261 * 39511854229 * 4539402627853030477 * 127522001020150503761 * 4924630160315726207887 * 53241089690155545084545617441 * 16205834846012967584927082656402106953 * 136614668576002329371496447555915740910181043 * 780010410791719540565140196582552053062384449 * 48651926154169704306969810270043128092917988274505675071805716365801863993 * 494989576335933678241287643493876779780477962643805901339815106786961691436729452816424866873 * 25561948931738399180959860493035633005346674997219855227412314112685523898853595360610683149167147379131162769,PROVEN,2812,38,39
620,11 * 41 * 101 * 271 * 311 * 2791 * 3541 * 9091 * 11161 * 27961 * 2049349 * 6943319 * 3925963357681 * 9294566806081 * 5167617497664851 * 57336415063790604359 * 909090909090909090909090909091 * 483128549554512237305554588359039822397307149685578249 * 4857900688365130469291831549890842547443917376935406225054646143856579892970236911030721 * 311356050778390853515194982157798457569542012969741683230780943655658473371697366138417141225623774416801 * 357640999964236257644576374235721183076427881763885411823611483852508851614756267658524373235935767676406423590000357641 * 2824060999717591075967240892404687941259531205309234679469076729737362327026207286077379271406382377859361759390002824061,PROVEN,2854,22,22
624,3 * 7 * 11 * 13^2 * 17 * 37 * 53 * 73 * 79 * 101 * 137 * 157 * 313 * 521 * 859 * 1249 * 3121 * 6397 * 9901 * 49297 * 216451 * 300977 * 648961 * 1101673 * 1580801 * 5882353 * 99990001 * 148068337 * 265371653 * 1058313049 * 10662171313 * 388847808493 * 53397071018461 * 325807801400017 * 9999999900000001 * 249227787818677482257 * 1358074433371719716641 * 1900381976777332243781 * 291593563046646669491593 * 900900900900990990990991 * 6060517860310398033985611921721 * 632527440202150745090622412245443923049201 * 7323941687838105624847742701467683590147273 * 333632766438409011274705987026407639670042305536743429073 * 14051485220127306539558738857309372503949399323665750407976449 * 138359326498705141346583789519515896493739312069900779478063763162990060463305717055848920585883537,PROVEN,2797,46,47
630,3^2 * 7^2 * 11 * 13 * 19 * 31 * 37 * 41 * 43 * 71 * 127 * 211 * 239 * 241 * 271 * 631 * 1933 * 2161 * 2521 * 2689 * 4649 * 9091 * 10837 * 23311 * 29611 * 45613 * 52579 * 123551 * 131041 * 238681 * 333667 * 459691 * 909091 * 2906161 * 3762091 * 4147571 * 5274739 * 10838689 * 45121231 * 29970369241 * 30703738801 * 142809770881 * 525326613841 * 625437743071 * 8985695684401 * 1661378260814161 * 1921436048294281 * 102598800232111471 * 265212793249617641 * 4185502830133110721 * 18276168846821336356291 * 57802050308786191965409441 * 189772422673235585874485732659 * 1275784731048123659634702312820051 * 4512103729930413243964733865733316041820936901915809527857742889751595541910708971709035851 * 11108290524774718857610264134981628814531188613927062839999879470748868753057648924496754589305365294720505123322653309870820532191,PROVEN,2785,56,58
636,3 * 7 * 11 * 13 * 37 * 101 * 107 * 1061 * 3181 * 3499 * 9901 * 125929 * 351391 * 1659431 * 2784091 * 5051749 * 3852774594841 * 54137839415767 * 1325815267337711173 * 185328247384490197483 * 917813298871770308465539 * 26526333976234009593263527 * 47198858799491425660200071 * 8558521377558885170560719135529 * 1650244260647104976802437090486126821 * 245391150214875249502685807421982149521 * 9090909090909090909090909090909090909090909090909091 * 75277048352808729626679875852901448034540173569840168229 * 359063423236660819432590808852669867324258623298339641467853849067 * 15278590279454444563136979797805224163439540874769878797096077750173420678283300335413747713817503792216588098909716944819022901345851917974073820766105946285784669,PROVEN,2976,30,30
640,11 * 17 * 41 * 73 * 101 * 137 * 271 * 353 * 449 * 641 * 1409 * 3541 * 9091 * 19841 * 27961 * 69857 * 976193 * 1634881 * 1676321 * 5070721 * 5882353 * 6187457 * 18453761 * 1265011073 * 5964848081 * 947147262401 * 834427406578561 * 15343168188889137818369 * 19721061166646717498359681 * 515217525265213267447869906815873 * 349954396040122577928041596214187605761 * 15426023502522488030607387700105870831428809697868716409941105675494726401 * 99999999999999999999999999999999000000000000000000000000000000009999999999999999999999999999999900000000000000000000000000000001 * 648255203187314216731294348378302257298640011105497984364836891560544273730965869701275128505192385103313045785608085474749131564988961668305646333125115974331391224959722001218233601,PROVEN,2859,34,34
644,11 * 29 * 47 * 101 * 139 * 239 * 281 * 967 * 1289 * 2531 * 4649 * 6763 * 909091 * 121499449 * 472341157 * 1569936761 * 18371524594609 * 549797184491917 * 216613430183025989 * 11273170771131750391 * 1203881882727712699967 * 11111111111111111111111 * 1626777403161656797092007877 * 4181003300071669867932658901 * 23391028206417273637358380573 * 7775058388319250595762800404689 * 3309383964775818489317002654646529291847 * 1009805096139614383066323378818605356821967673241 * 15362898429170396757717888856328974146292496901433891193564055671816191643 * 4617409966317766554788668533405686826442194090910823947914436635807133747667659259397151418066265041582929284878893879005928553193826692398321349887540466176358283350940672581933619840253537612607049,PROVEN,2990,30,30
646,11 * 103 * 647 * 4013 * 108529 * 738379 * 2071723 * 5363222357 * 21993833369 * 1644353478367 * 851908127328669427 * 909090909090909091 * 1111111111111111111 * 1078893279821424911891 * 1000889286725563474405662045911093540900908710082344227506919162972107 * 2024740873938190513425266673474911634048354422503451267887726938473483 * 298705372736554351789156294144090138390916509553983003911433879637774413 * 521307840861183044621465828930833475823959827582928597186555092762451665440276179272690132481999612478878577364291352712899662081493 * 40035620418199159948776350763252140477472791476548845372200559635028684381015278952822428460800436345936412694554672982482829838608416302164821877697601124434554975414863,PROVEN,2877,19,19
648,3^4 * 7 * 11 * 13 * 19 * 37 * 73 * 101 * 109 * 137 * 163 * 757 * 1459 * 3169 * 9397 * 9901 * 52579 * 98641 * 153469 * 333667 * 2462401 * 2925721 * 68562937 * 70541929 * 99990001 * 2458921051 * 14175966169 * 999999000001 * 440334654777631 * 676421558270641 * 3199044596370769 * 456502382570032651 * 610600386089858349939139 * 130654897808007778425046117 * 59779577156334533866654838281 * 1726290008991504500177463302688697 * 579276943498154282123686999881829009033 * 43599922525432064821850834951727679807657 * 341796090604674881849636380229010216626944264336893367139245334739710314141368913850637159182300704681 * 334522142365084475733005788763069665597428914843872461953834690104120914487934715334187622132844561179868971005307865589696093471675431176480908194696635755950657968289,PROVEN,3060,40,43
650,11 * 41 * 53 * 79 * 131 * 251 * 271 * 859 * 5051 * 9091 * 21401 * 25601 * 77351 * 107251 * 200201 * 4271801 * 265371653 * 1058313049 * 82009322851 * 162503518711 * 182521213001 * 78875943472201 * 4347195468174001 * 280672874149406424401 * 318942474614140390001 * 5538396997364024056286510640780600481 * 3733209604853765522511798189559871765401 * 8396862596258693901610602298557167100076327481 * 515598058349426893425512324539506997710608203280700351680904729473604464893512426851 * 161847174130095792603719453986817709414463817113867945281985819338290952731757643195331250705338664714884091786251 * 14176580788140166982612662932269638487348202983509301658671668819594823790597991335035617960111350619611710051670436272895571176996529118267301590082336151,PROVEN,2798,31,31
656,11 * 17 * 73 * 83 * 101 * 137 * 1231 * 68389 * 538987 * 5882353 * 121553521 * 6051298241 * 48656086054529 * 2670502781396266997 * 3404193829806058997303 * 36637591407529194237097 * 201763709900322803748657942361 * 669995415570582921859463287135169 * 18798124481332409484502894235050519095834690259132073729 * 38497687061346649817295117852968299620995218286740952471394479857 * 1447745997018511893740076606031686237538345362413531560645573104006506749609 * 2245236606248397162554620353530247131809555439174332456262048578539955402631665831489925370072038825037489223972536291929859656473 * 700476027172473264821209766822521514054070905466845296151892613951533187603891645634196734073741683247230607581692473423461149663662946076318737,PROVEN,2995,23,23
660,3 * 7 * 11^2 * 13 * 23 * 31 * 37 * 41 * 61 * 67 * 89 * 101 * 211 * 241 * 271 * 331 * 661 * 1321 * 2161 * 3541 * 4093 * 5171 * 8779 * 9091 * 9901 * 18041 * 21649 * 27961 * 62921 * 148721 * 471241 * 513239 * 2906161 * 4188901 * 17247781 * 39526741 * 83251631 * 599144041 * 1052788969 * 1056689261 * 1082745841 * 1121407321 * 4124507971 * 5419170769 * 20163494891 * 183411838171 * 18516980928601 * 507868012934701 * 789390798020221 * 2361000305507449 * 9000931379651641 * 1344628210313298373 * 318727841165674579776721 * 1300635692678058358830121 * 6143203800519931376420641 * 19835636682880495867311241 * 1395900370916327245555441901 * 36380545029953205956377406702261 * 138267770127916457629034873443951 * 12573272907559818117031149894949981 * 81090046817672902899738765448699224348721 * 1703548913892494075097664562023844278044121 * 1112314101311286003379752617807870409611285281,PROVEN,2860,63,64
666,3^2 * 7 * 11 * 13 * 19 * 37^2 * 223 * 4663 * 7253 * 52579 * 333667 * 2028119 * 96455449 * 247629013 * 902659997773 * 422650073734453 * 30557051518647307 * 296557347313446299 * 2212394296770203368013 * 7116181512528105949933 * 62562101977662753776437 * 8845981170865629119271997 * 90077814396055017938257237117 * 21606064498691505246200058094681 * 48911689110891303706174193415115219 * 2503678796850536532770633167883644999 * 2391225903192434229494639627847286709185128947978708401 * 378910432397861194405369041242690342635541471617136043289 * 4565653419555997505675587027694119410799941474246039140250559 * 2490872691908137575166466088291355643827701079891978578274835994080775464595974553558911862020407649324804027436087292675616017146240063168618749945139990951997,PROVEN,3092,30,32
668,11 * 101 * 18843947 * 63716179 * 476103356904941 * 106811083848465643 * 116011189311149998139 * 272828068791212993437 * 411603787218349354280868589 * 1387401303965667453093373669 * 37576897811119167463436962410483708090653 * 198607499132490748242152175454768755769289 * 301525294918950432087520298129941558711551656822567015411 * 473422134866090530705347772603209509527842120964263087241 * 14950128044255312629457887411604300692966728690551568705030373 * 256791351938897604127766524249910803570004341949762240760779741 * 146908989237248828364468641124632904685419581272522285179978171763650878695905491026334988286452327947 * 15082430268839895518120138007695651193149092773167884646166709770422465462163749312903859494420307404069,PROVEN,3035,18,18
672,3 * 7^2 * 11 * 13 * 17 * 29 * 37 * 43 * 73 * 97 * 101 * 113 * 127 * 137 * 239 * 281 * 337 * 353 * 449 * 641 * 673 * 1409 * 1933 * 2689 * 4649 * 7841 * 9901 * 69857 * 206209 * 226549 * 459691 * 909091 * 1454209 * 5882353 * 9396577 * 10838689 * 99990001 * 121499449 * 11189053009 * 43735845217 * 66554101249 * 75118313082913 * 9999999900000001 * 603812429055411913 * 4458192223320340849 * 73765755896403138401 * 77700458351603754241 * 127522001020150503761 * 148029423400750506553 * 119968369144846370226083377 * 465149401935712615628055361 * 2070270028985341766616009080161 * 20275219423179517169965224971521 * 217860610452031121598489279950204653537 * 155944009296214054100626916003794407157304353 * 1433319827159466789806966856379479179916136529424792832495021393 * 99866972524271704433794047804855032844718975174004188801858970187176731955358724384510844782429115617,PROVEN,2993,57,58
674,11 * 121321 * 427991 * 282549563 * 2251702571 * 288525099368866187 * 55027074590990508852961 * 16917315519781128734365649437223631827 * 71489171229856447321502908314697600957469967193571 * 1687858617956114857563779160203327248258725852773131 * 621229558894454367540891695929541003114293128504188334503 * 906533749251005245151122204670351312590267105760052002862150546121 * 102628202728030891704336946143527067063502899291229635778464234241801 * 7861197759376969310871284581062232753724157295719665271243468634881392447 * 10040499610458011332733838420983746051698922310460547466000255532841658478393221611341226016666610043 * 206811109652484947999953179293051913495058417807929099923220893228189351588693144846296035840822032161,PROVEN,2923,16,16
676,11 * 53 * 79 * 101 * 521 * 677 * 859 * 11831 * 89909 * 265371653 * 987001237 * 1058313049 * 1900381976777332243781 * 2709246550432452192307438140153898730002165574677 * 1592730232155679902273246343099578009020762979379345291 * 7249657507840161826942418511086116063748219199832125768043099150081 * 232372119876907280822321391951168183308631299658430083807589307649464986270410218850191981 * 939618179300167110691422839525295363729230399945945616908880764779647712170590547747265739 * 31198234389876128002952782212916694331889770402831700346290124318006436464972357735278842644511160852523 * 6602301042905025014150499310047313448245682669011729128957515031149279442747958138479802877326014922521941710194942904921087201551745922931834010574449,PROVEN,2942,20,20
678,3 * 7 * 11 * 13 * 37 * 227 * 4973 * 406123 * 4426889 * 908191467191 * 104120568827856356216891091637981484179 * 777734075184513369134763199249605543798943174359980119 * 18291566303691914139457741657555501180932574564840850694321009277 * 5397511769683444928966129716536741688329069042441479613115913313907895924533 * 53895712312217719065267103426685397298498705173449226555003346881878523705781079015749721646701723 * 15593277677443719233963811442658357704819448586516961369247537101706671992725714715630543532621365559 * 412943108813978385999641617982242667485519119709940711942693553709517240114281629255685010553886849303 * 195536788296069646441612538004667920689480607938818585757708176337130353156036650166508246335832764566608042973,PROVEN,3155,18,18
680,11 * 41 * 73 * 101 * 103 * 137 * 271 * 1361 * 3541 * 4013 * 9091 * 26861 * 27961 * 87211 * 1676321 * 2071723 * 28559389 * 152533657 * 262533041 * 787131281 * 787223761 * 1491383821 * 5363222357 * 5964848081 * 21993833369 * 7568346838961 * 8119594779271 * 2324557465671829 * 237612993541791006121 * 1988731184935761442996825520561 * 4222100119405530170179331190291488789678081 * 160220794821014452066741918303580917664386555934641 * 65552746171882583264230070868884366877803237222654400793 * 3706128023114119218916379460291345996769984434163189932241 * 1051361091529803074497312148085134194834726090632313891925201 * 2518939361843542777324186815596987183284761640260249316508901269783757152238017118245918288297154753422552473463669614122198237833353657872273444231835817866237166090882172690592655745121,PROVEN,3008,36,36
684,3^2 * 7 * 11 * 13 * 19^2 * 37 * 101 * 229 * 2053 * 2281 * 4789 * 9901 * 21319 * 52579 * 126541 * 333667 * 1458973 * 10749631 * 304077901 * 4410785971 * 999999000001 * 2911579215499 * 52875286008709 * 722817036322379041 * 739653893349540289 * 909090909090909091 * 1111111111111111111 * 1369778187490592461 * 33950736420661075851541 * 229162071140015324614111 * 2050658332436114459080741 * 3931123022305129377976519 * 307010852070382484317401373 * 753201806271328462547977919407 * 1104249349362995181144668003642191 * 367758735915513355987163036605562773789741 * 3947804137986731797627485905950642878832197147481801 * 6508684267533856834852965580950145565983063793936631379 * 10478831745658834154442146977631154415092805625223194933521483159740217604649402290053497067042419545290235569369671506367773081665717583993696581,PROVEN,3026,39,41
690,3 * 7 * 11 * 13 * 31 * 37 * 41 * 47 * 139 * 211 * 241 * 271 * 277 * 691 * 2161 * 2531 * 5521 * 9091 * 31051 * 31511 * 74521 * 487831 * 2906161 * 11313931 * 19277911 * 19707665921 * 127688571001 * 194656286401 * 143574021480139 * 203864078068831 * 549797184491917 * 20414137203567631 * 11111111111111111111111 * 24649445347649059192745899 * 1595352086329224644348978893 * 5799951513941382144830754391 * 122403569491783662720773144041 * 7386441591567953769105190285927615814299177561 * 35645906496364306434849378023333297827811383782580351 * 15918798843849477568899983937931966555877132981347465830696251648192619376266439940521 * 43810325613739522298108991741277641747137547565878057174130075470872858289958280148759277150273598401 * 804791137698205712227875104211652255670618070071975559971188073748078291737835666205639770770978612281,PROVEN,3141,42,42
696,3 * 7 * 11 * 13 * 37 * 59 * 73 * 101 * 137 * 233 * 349 * 3191 * 4003 * 9901 * 13921 * 16763 * 38861 * 43037 * 62003 * 72559 * 355193 * 618049 * 997369 * 99990001 * 21591416633 * 77843839397 * 638453709757 * 135080726389891 * 15565833747318241 * 11090099157944399977 * 157002934023127338801841 * 154083204930662557781201849 * 1274194732898148471766404179653 * 4477350074169470752905544969081 * 17468739848498438039329935679794457 * 925473240150495502771483432977308389 * 246900403017958787131873605843061988161 * 11811806375201836408679635736258669583187541 * 310170251658029759045157793237339498342763245483 * 320326994163169943384295066992439316655840979654890345228609 * 2623709608263520547879954791214412810391703985166673562220208867630775121385164482905259044455273939230491414883050557483687370269811018178176841590586944036054473,PROVEN,3236,41,41
700,11 * 29 * 41 * 71 * 101 * 239 * 251 * 271 * 281 * 421 * 701 * 3541 * 4649 * 5051 * 9091 * 21401 * 25601 * 27961 * 60101 * 123551 * 909091 * 3471301 * 4147571 * 7019801 * 13489841 * 121499449 * 422100001 * 3612546001 * 60368344121 * 182521213001 * 299547376801 * 1125310645201 * 14103673319201 * 78875943472201 * 1680588011350901 * 102598800232111471 * 265212793249617641 * 848654483879497562821 * 18525843918490695886751 * 991474271662986957800680951 * 213567756617511209506778605497489645838025587933288349770601 * 4729413357148090640380520548670420819661897089600775548490401 * 54442267778748734853078961420361450411594669214709944589849727424959801 * 2973385658387841660090191886374395419376540691403988974383959767974439471407978471880584291823101 * 924113758530847383764787530400912659976463549693743820952869672176334445090649182638712486115217201,PROVEN,3121,45,45
702,3^3 * 7 * 11 * 13^2 * 19 * 37 * 53 * 79 * 157 * 757 * 859 * 6397 * 35803 * 52579 * 216451 * 333667 * 461917 * 592489 * 60034573 * 70541929 * 265371653 * 1058313049 * 14175966169 * 388847808493 * 30742515591607 * 240396841140769 * 355087294364791 * 440334654777631 * 537947698126879 * 3352825314499987 * 900900900900990990990991 * 2304017384484085131816292573 * 1786946360382838276990549597027 * 36096800156828895568286578224818258719817914995401933354161 * 6862390300547244074038319769783944997739006024946890580945655121 * 8000274558764048855772521798953431026754861120047615036248955653510671403655103704934457289394961420440781989755335177962505013085247 * 44018367507556071172725810811606857705691099317190005947371549514438736424439607124122191159122750961511780839479841457693891930809711756868258606716961082732697146231,PROVEN,3283,37,40
704,11^2 * 17 * 23 * 73 * 89 * 101 * 137 * 353 * 449 * 617 * 641 * 1409 * 4093 * 8779 * 11969 * 19841 * 21649 * 69857 * 513239 * 976193 * 4913921 * 5882353 * 6187457 * 10100113 * 1052788969 * 1056689261 * 470909313601 * 23447080358593 * 834427406578561 * 26670033927811409112897180097 * 16205834846012967584927082656402106953 * 222688353792418778799593928777532880641 * 3162086824598326714007856976523611232833 * 196492106862714324563103086902334481596741493532094589569 * 9900879227786858424257223656804730798555422102713108259184822982673560177 * 361057759540097288072937247979725352972055181853408265699800478521559326591153094457376181755912540092512773699689532234798987224827675649 * 1155769568319416848232879884038923230156612854236699681690470894082785656521814637400877154955316209847158487433384244688679028278097388037431233,PROVEN,3340,37,38
714,3 * 7^2 * 11 * 13 * 37 * 43 * 103 * 127 * 239 * 613 * 1933 * 2689 * 4013 * 4649 * 4999 * 17851 * 210631 * 459691 * 909091 * 923441 * 2071723 * 10838689 * 52986961 * 143556841 * 1868879293 * 5363222357 * 21993833369 * 291078844423 * 3329808692827 * 3924966376871 * 13168164561429877 * 43451713720907517733 * 377526955309799110357 * 5673320472670315859129 * 1118941080585995263069320373 * 768736559421401249042753476963 * 15958610536514031269673402704345512354924969 * 323012942148562751650814544437350454640448842187 * 103746647830421551242486430622636901002236971549990724717454338463 * 598669893503592509432367969525350164961445705888538339349676141750020045244787 * 50977541370231360097422604330793793064304571681703551061560590392185357117757553184746462337689256059548993949459969138428154776147453363952154496055738664500588151369161896201893451398241,PROVEN,3279,41,42
720,3^2 * 7 * 11 * 13 * 17 * 19 * 31 * 37 * 41 * 61 * 73 * 101 * 137 * 181 * 211 * 241 * 271 * 2161 * 3169 * 3541 * 8929 * 9091 * 9901 * 27961 * 29611 * 52579 * 98641 * 238681 * 333667 * 1676321 * 2906161 * 3762091 * 4188901 * 5070721 * 5882353 * 39526741 * 99990001 * 265183201 * 1132716961 * 5964848081 * 999999000001 * 8985695684401 * 3199044596370769 * 9999999900000001 * 4185502830133110721 * 4999437541453012143121 * 1105097795002994798105101 * 19721061166646717498359681 * 281259985248437790051014401 * 31388506438433752927908678241 * 100009999999899989999000000010001 * 95853807664312827399794371014650641 * 111994624258035614290513943330720125433979169 * 2582785559040998185916696136639544586696154922477921 * 39340929985040037939860550511566010202173435808159761 * 387178872244935905889772080780710293688045544881430361754684573270941224160164698232378629400751141017399632124896823872033355066626985720481,PROVEN,3236,56,57
726,3 * 7 * 11^3 * 13 * 23 * 37 * 67 * 727 * 1453 * 4093 * 4357 * 8779 * 15973 * 21649 * 25169 * 38237 * 274187 * 513239 * 1485397 * 599144041 * 622001227 * 183411838171 * 3481311540961 * 1830142890743707 * 1344628210313298373 * 102502981431359171598893 * 544471001372579296332291652675646774644208265246405598834086237345292487 * 5160868930485515110885377938636202783672029518450934426716029249879502627 * 597149176209530412360795391497657340159943421992502538230831481682232969649167277637825641074323 * 230011192907385746489206818568311532935807860401402800698998509497721478420289331088499239362108691 * 11822467114406347049508509173181187674903268156244494414655679899332039067660980127211497142614121477521 * 1702162153065257263555686902042453260466172655757761719475941009771157379343029724825364671251404611421200601947773406253267,PROVEN,3191,32,34
728,11 * 29 * 53 * 73 * 79 * 101 * 137 * 239 * 281 * 521 * 547 * 859 * 4649 * 7841 * 14197 * 17837 * 574393 * 909091 * 1580801 * 4262077 * 10727809 * 21705503 * 121499449 * 265371653 * 286569193 * 1058313049 * 43442141653 * 654721485601 * 316877365766624209 * 127522001020150503761 * 1900381976777332243781 * 110742186470530054291318013 * 632527440202150745090622412245443923049201 * 146922836547557380904624883811070801579636649582426027039761 * 3571618567996393297210217238290456648947344377957590363519828421 * 50678387411703889101759125785290439894389920385627096501794498837 * 431916413820617754546053476804635449461410533962843828981966782964481 * 1236386443286416000845205982296310762602996796920706630693450425385353425494707969 * 3117814097707474151636414249725282442495420872481503567637409314701821275097272518686106760443668816338775822931861913879972129,PROVEN,3260,39,39
730,11 * 41 * 271 * 293 * 9091 * 12171337159 * 1855193842151350117 * 10826684964539959837294043117 * 286578888976194997999922592330908602103011 * 49207341634646326934001739482502131487446637 * 1304946319836672523549871511207656785231498701576036930724645238399101906921 * 5528825275894858698684129584828307231241005568273768148118728392440732070424671 * 124744480879691435734416198755419072449916709460656618355847811262345324810678696941209275254392782646129308243768284579780542826772001 * 209567419815575088893039502374017044565180465719504614143239653652312239618655809712098924957353042723741728874079596356118568603287093812371 * 5248855003692933364739585667866481201678356022616389680814320588021598396149319699845570559106183903505230306376836171496217871464621288358987576841,PROVEN,3354,15,15
732,3 * 7 * 11 * 13 * 37 * 101 * 367 * 733 * 4637 * 9901 * 76129 * 81131 * 190321 * 329401 * 390889 * 974293 * 1587221 * 2520277 * 4801921 * 51745081 * 1360682471 * 2834820061 * 3812801341 * 81183810541 * 40498340376691 * 106007173861643 * 7061709990156159479 * 2418666002101476599410229029 * 101444162656037151745878558385892753596849 * 42936744040512685057308971520417028077990465463 * 33277993916065498965234812212436587255656671587921 * 26384856922809741239246281240888980994567902544116187 * 11205222530116836855321528257890437575145023592596037161 * 13547962992518293065716754762428610038549464815707364291983209 * 75743388768260974116327848920184337528059461788181539337429709 * 1305704182448226909845888790598975114740359397093421223355030629345156521 * 1087990925195463452802538049940594096989130726971208253428665898558089768698552971751226781442226809,PROVEN,3340,37,37
740,11 * 41 * 101 * 149 * 271 * 1481 * 3109 * 3541 * 7253 * 9091 * 15541 * 27961 * 68821 * 111149 * 2028119 * 247629013 * 6336499381 * 74615611921 * 708840373781 * 4098464044501 * 422650073734453 * 49173925574833481 * 107771345624719321 * 296557347313446299 * 669031686661427842829 * 2212394296770203368013 * 6511230041186560022095681 * 16206170837408945509907221 * 1936570114827069923550119591 * 40548140514062774758071840361 * 63441573295906607253783211246544893041361 * 1125062484076327146358129279546163004017888759508161 * 271880675850180367872653023164942909880799363524216099671322919521 * 1106856391195125605067659687372491496603851278760356356904482039681 * 626055461692786521088697527599460905632342461236940562171461942282321 * 22369355044392829576198363935261212146051995578845131526611800779453430519897692892453842577603840415445414697342892679968594131,PROVEN,3245,36,36
742,11 * 107 * 239 * 743 * 2969 * 4649 * 51199 * 909091 * 1659431 * 1057997274797 * 2584863032795023 * 1325815267337711173 * 47198858799491425660200071 * 157098960626439851618648929549692694031560694047 * 26628696860763170757415075888614691991511099147227 * 9090909090909090909090909090909090909090909090909091 * 2548171182130492354464113595833821781588064140986874348075459263402328971040215243200625902015381883224397137647 * 1352321123248730090708692723609127157649515933796286170117784807116484662422141966190067516609475956486212837749899759061263 * 8443278213142643683880850952929502264137832292889910297487445526484776400899484558952278931894560501953983650020256591767199 * 26333577482004429258983725836316585598333629910261619385077149930742909233361719472160360320071224735235225337085800796901720562557,PROVEN,3394,20,20
744,3 * 7 * 11 * 13 * 37 * 73 * 101 * 137 * 373 * 1489 * 2791 * 5209 * 9901 * 44641 * 700849 * 2049349 * 6943319 * 11110153 * 99990001 * 3590254957 * 5419392721 * 640543322297 * 1220725699657 * 27908132670449 * 42367299139993 * 57336415063790604359 * 384705444182230291105649 * 909090909090909090909090909091 * 139716865184144864008269344660199946429 * 18381907262281244633158190677786966663091011 * 16584440161215846282167330487128069170776821649169 * 483128549554512237305554588359039822397307149685578249 * 900900900900900900900900900900990990990990990990990990990991 * 23140616853203983900922551785166946660605063239337678349130406077337 * 97645954668018846467287180866355758374263120864803042536883990817097 * 1194053240550935343606131291791034479414833114386116350011658511441777011841 * 1387770812537486172424567765413032718466560432631753219117445147282909788805041,PROVEN,3318,37,37
750,3 * 7 * 11 * 13 * 31 * 37 * 41 * 151 * 211 * 241 * 251 * 271 * 751 * 2161 * 4201 * 5051 * 9091 * 21001 * 21401 * 21751 * 25601 * 162251 * 2906161 * 47001751 * 1797655751 * 10893295001 * 182521213001 * 4471031976001 * 78875943472201 * 176144543406001 * 25005172023963824973001 * 59244397795882902986928930001 * 15763985553739191709164170940063151 * 10000099999999989999899999000000000100001 * 1375436107164906400113195032668541009729549504205143102033627145732751 * 4709825349852110182615878875374419529306990314325041101342026868334001 * 42051775804956304559810859008305819975199677041099230574273451704628125001 * 14332371646347867103751140722104256371688921437307256086517631268211025054763001 * 269409792871731627664586194662281233853701011108906726055753272681082282441709251 * 15905910605959927957520599214257369978644811514228442375715283978375304416453709933630691450134077795142751,PROVEN,3049,40,40
756,3^3 * 7^2 * 11 * 13 * 19 * 29 * 37 * 43 * 101 * 109 * 127 * 239 * 281 * 379 * 757 * 1009 * 1933 * 2689 * 4649 * 9901 * 10837 * 23311 * 45613 * 52579 * 153469 * 226549 * 333667 * 459691 * 909091 * 5274739 * 10838689 * 45121231 * 70541929 * 121499449 * 14175966169 * 43266855241 * 999999000001 * 440334654777631 * 1921436048294281 * 4458192223320340849 * 8642670625016390971 * 878075126908698927928483 * 33030636037992147205820927521 * 59779577156334533866654838281 * 189772422673235585874485732659 * 63060936944326674212591995662102125143 * 165358820733883770736233015527320175869593121 * 4841193139246416682912992055944726358563520908223 * 34478740111713676828358390233178197591689889127137198507 * 22906246896437231227899575633620139766044690040039603689929 * 344410449392555791991391842565560527204857067026484035552706583597118812185729 * 17558859918233971274267353045256604123625708155378236163954582400346807794005623131429977614689,PROVEN,3517,52,55
762,3 * 7 * 11 * 13 * 37 * 2287 * 3557 * 18797 * 90679 * 857772733 * 1094479651 * 1125629957 * 451897625287 * 9783462102370544239 * 45830377642600710169 * 616896149073719728613 * 10860110813777339731289 * 1053449334720579590200819 * 591082109095345424416413908752729 * 36099531273603138218699301565567581705151216702113889 * 82548590511975869997227448819484483748713764399174373 * 4444349792156709907895752551798631908946180608768737946280238078881 * 651871849785243820958119684233142982170536938147349501049955875423544371888519632103159753836519854149224951224466197 * 41178786268652727777818909308744042083055383859495037243190192388737567013766369770914385034350354193614379285959651069848809053 * 227106988265159616528571981140572415396122551755756282296008613353922816015404819504625289055134338407924996143023758066472872886277706507970899321,PROVEN,3595,25,25
768,3 * 7 * 11 * 13 * 17 * 37 * 73 * 97 * 101 * 137 * 193 * 257 * 353 * 449 * 641 * 769 * 1409 * 3457 * 9901 * 12289 * 15361 * 19841 * 69857 * 206209 * 434689 * 453377 * 859393 * 976193 * 5882353 * 6187457 * 99990001 * 418725889 * 1265011073 * 66554101249 * 75118313082913 * 834427406578561 * 9999999900000001 * 33649448872371457 * 145778507161340929 * 1253224535459902849 * 15343168188889137818369 * 515217525265213267447869906815873 * 338579887181973006729167651681190977281 * 53763491189967221358575546107279034709697 * 16603249990114694613009401045119923580957837937462177950368477911534904193 * 142018149548859447798990430842371897431582393270575475042667940048026473157944321 * 55871187633753621225794775009016131346430842253464047463157158784732544216230781165223702155223678309562822667655169 * 38425031666569023499290434804662265509189764624919574336880482034091688791929134441331363930601958862159411412508866084507001318401,PROVEN,3548,48,48
774,3^2 * 7 * 11 * 13 * 19 * 37 * 173 * 52579 * 333667 * 1527791 * 1708219 * 10455967 * 57009401 * 2182600451 * 210769832431 * 1963506722254397 * 41130156794062447 * 2140992015395526641 * 407429732767505248479163 * 7306116556571817748755241 * 23667927744614744947915146673639 * 304768036847074491064894608014695867632997 * 3605696680890791382725432167911038465896663 * 10490974994611747848197172839956039870723832569747 * 35037423610997086622096063353212253926195272207441939622830330161546317292588303 * 1716647120944708147671447461422244736431889206579721400376110588630763194268685679597826668704163 * 24588057746982193082657231818357246070670164301127395031737182291576766783280117436647253014751961157521531901245152408738293 * 38889628638569601104885745910305810521309841050950415367273378889527486268283796029292760115427939721808793488543910010656122551369920766848757,PROVEN,3523,28,29
780,3 * 7 * 11 * 13^2 * 31 * 37 * 41 * 53 * 61 * 79 * 101 * 131 * 157 * 211 * 241 * 271 * 521 * 859 * 1951 * 2161 * 3121 * 3541 * 6397 * 9091 * 9901 * 15601 * 19501 * 27961 * 216451 * 925081 * 2311921 * 2906161 * 4188901 * 39526741 * 265371653 * 1058313049 * 35081393881 * 162503518711 * 388847808493 * 53397071018461 * 360924572424391 * 201721695849323521 * 1031498834064949381 * 9160020509281917601 * 12763852652999774041 * 1900381976777332243781 * 12119730504567977254081 * 900900900900990990990991 * 2685647186330706081032050321 * 2737820036624672031089487008281 * 6060517860310398033985611921721 * 5538396997364024056286510640780600481 * 8396862596258693901610602298557167100076327481 * 722385356046094043901164020994302748085851637026401 * 44933275139025237741442164195375614371497219389368548160257661491391 * 14162999157973809346330858715610116834650947071716927166725815643512203761 * 63054129911571801941639263405768461425999152026392552531582926655481271974023945336611,PROVEN,3330,57,58
784,11 * 17 * 29 * 73 * 101 * 113 * 137 * 197 * 239 * 281 * 4649 * 7841 * 54881 * 909091 * 5882353 * 121499449 * 505885997 * 52781463673 * 73765755896403138401 * 127522001020150503761 * 403539336813078648113 * 119968369144846370226083377 * 1976730144598190963568023014679333 * 5076141624365532994918781726395939035533 * 5649333362757164788488040397332687608183771313 * 5010620991340707523594168804430658367520003649793780623118456073 * 999999999999990000000000000099999999999999000000000000009999999999999900000000000001 * 3781177083560380583441154025352663121070150968307048633209358859027273162533881299502797579969 * 289541217302474902147738712574747645681665598761448687795987839125906245176246519610151449976343537460699905766689 * 27604793905622894622625243181953916824938413622610667667398260374078103192054518625178103922449357864907678199863967128103788199159778773266084514162081,PROVEN,3613,30,30
786,3 * 7 * 11 * 13 * 37 * 263 * 787 * 80173 * 109517 * 78447517 * 141811693 * 446790173 * 1397382241 * 7370364319027 * 306662501757259 * 15594845538029429933 * 7317723970031057677693 * 131758351065116151205213 * 525786373041914526306757 * 180222062287834025451247081 * 112506283680098168752627601991569 * 11983466231266295686798098306470812807267 * 1100517845115354201024243897527295703743726722437 * 1363608083180796048411168783196497071688492468691 * 22470645744200057762885095342697894721605325430609487291715500041029950763944163993319007373686738769124162721892380653 * 62339577231074552025417800627219902399609765276523884060897664718644575416179222125766565878683978340565955467874226181636354165574411 * 8680060322508824594393450058221938248644256663178820249090487083301292519777205595423409349376525925423911644010932939670160279114134954869470847308423421566533831579067,PROVEN,3494,27,27
792,3^2 * 7 * 11^2 * 13 * 19 * 23 * 37 * 67 * 73 * 89 * 101 * 137 * 199 * 397 * 617 * 2377 * 3169 * 4093 * 8779 * 9901 * 16369 * 21649 * 34849 * 52579 * 98641 * 333667 * 432961 * 513239 * 761113 * 99990001 * 599144041 * 1052788969 * 1056689261 * 5419170769 * 6796152793 * 7093127053 * 24387741577 * 79082656489 * 99677548081 * 183411838171 * 440718109921 * 999999000001 * 789390798020221 * 2361000305507449 * 3199044596370769 * 1344628210313298373 * 126197002179733470481 * 1538607523068637497164701 * 283830826522232279893972777 * 4987445373502665124237014313 * 16205834846012967584927082656402106953 * 7408727338313716781446937691661250885891761 * 141122524877886182282233539317796144938305111168717 * 362853724342990469324766235474268869786311886053883 * 246288943607463575049631057704872789315648893038409344335438892115177 * 3286441734725167632640591449151190304019453738946987847768004461574472857 * 8218476795659338409712353841905411607826230659151143998522545586866704239099075512109,PROVEN,3715,57,59
798,3 * 7^2 * 11 * 13 * 37 * 43 * 127 * 239 * 1597 * 1933 * 2689 * 4649 * 21319 * 459691 * 909091 * 1458973 * 6316969 * 10749631 * 10838689 * 34282879 * 1473464802559 * 425991366045253 * 2021015460335957 * 909090909090909091 * 1111111111111111111 * 3931123022305129377976519 * 247025236977306025681323889 * 7459654752238258604700923083 * 753201806271328462547977919407 * 61828645758322140842666144519962696417487 * 72021403933746126426491665754465510017877 * 17499101101496101893247811440257935152097401 * 9284668536078237580134472469990637899155265743957 * 278848299862043143754907679390585776516393006235209786029420958416508667488018611321233079 * 13147963643704652632557279758698587212033283223333451187877069162714784603584406816150353817835190742091970171 * 466313952230246603926673791448620956588757441488886093790565731595829691945775316737317530980650274752343606808745182941168541487395572597274248918286276704888613,PROVEN,3655,36,37
810,3^4 * 7 * 11 * 13 * 19 * 31 * 37 * 41 * 163 * 211 * 241 * 271 * 757 * 811 * 1459 * 2161 * 6481 * 9091 * 9397 * 21871 * 29611 * 52579 * 61561 * 238681 * 333667 * 1577071 * 2462401 * 2906161 * 3762091 * 5222071 * 16357951 * 40435201 * 70541929 * 310362841 * 2458921051 * 14175966169 * 213872067091 * 258360989311 * 577603663291 * 8985695684401 * 31023833790241 * 440334654777631 * 676421558270641 * 456502382570032651 * 4185502830133110721 * 610600386089858349939139 * 130654897808007778425046117 * 115690846857912397278375911371 * 483418418597220677238517353915231961831 * 8610583349234340055547908764091017276717091 * 250093532125526915278352940802333503335240107302499957158939577140544111 * 1377206548249672561974389193550868011092077967769298773550347641588817070607865681921 * 36184868586619075547214474979916728567474724193812138011846129157788970353909164911894611 * 14064388510567918931415103718536341889449837765445863106535952877209149111639559724304775413009931280562293699174624824991,PROVEN,3625,54,57
816,3 * 7 * 11 * 13 * 17^2 * 37 * 73 * 101 * 103 * 137 * 409 * 613 * 2857 * 3061 * 4013 * 9901 * 54673 * 210631 * 2071723 * 5882353 * 5969449 * 13266937 * 28559389 * 52986961 * 99990001 * 134703241 * 152533657 * 1491383821 * 5363222357 * 5637065089 * 13355595217 * 21993833369 * 291078844423 * 225974065503889 * 2324557465671829 * 9999999900000001 * 13168164561429877 * 1119527384827710553 * 377526955309799110357 * 53043011765949537815976769 * 44398000479007997569751764249 * 65552746171882583264230070868884366877803237222654400793 * 44432384794221343755897441742032531086615578692097502509412995439256236377 * 440441087557478776852171834625638618412949059374084837579531425633661269203803741415744566525108430933975383194546209 * 3178246571075235723080972275640135632212436318968968029466533249264048115754831736073020454216579035062833710671458881 * 10209076607930569913922070622494428090671480292064954172591269153271836953190308682801647817951310297094548858967419962633393,PROVEN,3730,46,47
820,11 * 41^2 * 83 * 101 * 271 * 821 * 1231 * 3541 * 9091 * 27961 * 68389 * 275521 * 538987 * 639601 * 59090021 * 21158848681 * 11036695406441 * 1073380218518144441 * 2670502781396266997 * 3404193829806058997303 * 436026711667335044426416921 * 1266925593264677597290950641 * 1350059351915828990550200161 * 201763709900322803748657942361 * 139074671904011778473984366758527524121792121 * 3061973722987905774729667496411417875958731844861 * 1447745997018511893740076606031686237538345362413531560645573104006506749609 * 377232254779363832566657848595478700324930619830395906281633432610242399995425182118630038629742647815490833575187477845254601 * 25227559933282973049929756675369873687524422119109873612963516263168625757367193407132891393542516779351543564997326723299457284056291 * 37654445534598090531061637404570516695225922222356909916889395661871779838862063550827086195341481919418156260385301045484576632937146377914151,PROVEN,3732,30,31
834,3 * 7 * 11 * 13 * 37 * 557 * 2503 * 12797731 * 13761001 * 6482220799 * 119124859925363 * 1036412737512256032518509357 * 14572843015599488197037677669601442481 * 1203208201824602098681112647738760571037252321 * 299569398078509199090655565325033824709732952423319053 * 4236651046107678488081335638323958061433054078591556082042947538117 * 84191134295847459088496323909951690425296390505413654926185730285872463 * 6613665864871336888159281741249451029123017235753420336761415494939294742484891072205191009129 * 9327281575040435942820030416618073853906181206383845973140973454310325710523151012873614569275960380714495413018734336834397 * 652065570931334169846518762110895357104035953330623783530923329412897765703841859492780362601926814638167836591846272150911969126521 * 67527744060168452442748261636675305932823309390648327259608620272905373094176870057236763910064498862217790268164526184912017881807211,PROVEN,3622,21,21
840,3 * 7^2 * 11 * 13 * 29 * 31 * 37 * 41 * 43 * 61 * 71 * 73 * 101 * 127 * 137 * 211 * 239 * 241 * 271 * 281 * 421 * 1933 * 2161 * 2689 * 3541 * 4649 * 7841 * 9091 * 9901 * 27961 * 123551 * 134401 * 226549 * 459691 * 851761 * 909091 * 1676321 * 2906161 * 3471301 * 4147571 * 4188901 * 10838689 * 13489841 * 39526741 * 99990001 * 121499449 * 575794801 * 1384194841 * 5964848081 * 11189053009 * 29970369241 * 30703738801 * 42681134161 * 60368344121 * 424451728681 * 625437743071 * 1661378260814161 * 102598800232111471 * 265212793249617641 * 603812429055411913 * 4458192223320340849 * 127522001020150503761 * 148029423400750506553 * 848654483879497562821 * 18276168846821336356291 * 57802050308786191965409441 * 139790941013628227711346421 * 67501680066009758096678991121 * 100009999999899989999000000010001 * 282448028612066894256984424869264385801 * 1146780383632163283649175272843774050715065531735480891145232027761 * 166913512232431273140362987966641859731500109846278942036790211593884632236221381121 * 1174155661036370531158387153086358732085761158354280249987966107746175275693416345665039841,PROVEN,3628,73,74
846,3^2 * 7 * 11 * 13 * 19 * 37 * 283 * 1693 * 6299 * 16921 * 52579 * 333667 * 344887 * 9127213 * 35121409 * 615771253 * 4731576386223439 * 4855067598095567 * 721030498171501831 * 6678842172224365369 * 1160803383934463712259 * 297262705009139006771611927 * 316362908763458525001406154038726382279 * 8147270298945964118744634040617462692098679807835492529 * 30073566270559048948142559741512708796590524703892560552659 * 19968641215878703201988882553105137323658934106291755303125457268129 * 441506346488360048482114135141919313523563714948107161215664533500695867 * 369086478818759562903643016277384529057965296358575656669454667246151346922821275804806005341000546761444386183095949210608837818505085792471263955065479446326350954641451674308894252507 * 29874549234147150563417893319435781563246822689420867869526123029384708535314860658249277906939207757999026128433796893742812829982156826308475414151559767043882554568996178493027654798173575517,PROVEN,3905,29,30
852,3 * 7 * 11 * 13 * 37 * 101 * 569 * 853 * 7669 * 9901 * 16189 * 290249 * 1594093 * 2107849 * 1182534679 * 17469229933 * 380623849488714809 * 9234177915412657069 * 21977699107816352490639478201 * 241573142393627673576957439049 * 7716926518833508778689508504941 * 93611382287513950329431625811490669 * 45994811347886846310221728895223034301839 * 82519882659061966708762483486719446639288430446081 * 31321069464181068355415209323405389541706979493156189716729115659 * 791145568078856137872408096636314622331869565265096415358925771275309 * 843407644889588409015473024758866665298118138956929263554289382634028509255935457469 * 101253197252546739391696960929770677225345517172721793498446653911414524366799333412935173798585607285941 * 2372121273417053818094646796447673682891780435916485887293151054782924005644394241806042716589462595192339 * 3207204765158124268625370685855295391546144230356835105480172184838210549074340260617878555547119384441220344797,PROVEN,4010,30,30
858,3 * 7 * 11^2 * 13^2 * 23 * 37 * 53 * 67 * 79 * 157 * 859 * 4093 * 6007 * 6397 * 8779 * 21649 * 51767 * 216451 * 513239 * 2823679 * 180523201 * 265371653 * 599144041 * 1058313049 * 22144088539 * 183411838171 * 264752347289 * 388847808493 * 50184916627561 * 210991557708361 * 1344628210313298373 * 104730101107272149081 * 900900900900990990990991 * 80216851991399964961367677 * 4398526783100422870888251951691 * 47428676444591705727929369346443 * 472177531896662923971700871858905573 * 12998514909869151807098212773862100794044705428424741778699159434241 * 34607524609209512562213651270561528862879196390936320471942325254862879783 * 37226581283489953701472184267606576037130878873797366013283473311751294203 * 3603717322585387792728516800918879801836971521067772901495728466670908855146338932588351435167413026450114248682019134847307 * 2034912907341890579508004374922618204834574380623196103952624440743420129331724300035272820537860281632850134325283932163005113368044494901325885217871107832645761419,PROVEN,3829,42,44
860,11 * 41 * 101 * 173 * 271 * 431 * 1721 * 3541 * 7741 * 9091 * 27961 * 338669 * 1527791 * 57009401 * 2182600451 * 1044817620601 * 1963506722254397 * 2198478623863901 * 2140992015395526641 * 7306116556571817748755241 * 18920435284033918144809657490533251 * 7549370642855106064318428883982856249713821 * 41398275939670867448911914339156680381343777006826487831 * 2923500556298303355222653948542706598448925085853709961673200056984872843366529 * 21980826109373183943087013239828174324083831078225247586850633941390323492044945842110985914964169190119801 * 50441422688391875381007541515590983873234580366435672396194147589090888973689536137051068925751997547638790031 * 33781299214344096622678014073990188169665709715070094241770549427870082246252574520661531768110670247373718269979462963849500442241 * 342299931502412489149047988893055568468794699959932177819733894222776497629919381410405213349176797123378801504531160389523331369411970776284398551350113041,PROVEN,3891,28,28
870,3 * 7 * 11 * 13 * 31 * 37 * 41 * 59 * 211 * 241 * 271 * 1451 * 2161 * 3191 * 4003 * 9091 * 16763 * 33931 * 43037 * 62003 * 72559 * 80911 * 2906161 * 9605671 * 30104611 * 58765601 * 102019681 * 1134434761 * 2172376081 * 70350656881 * 77843839397 * 638453709757 * 2433146345771 * 135080726389891 * 17996132431060961 * 15589280974996818911 * 8538216023012034296071 * 154083204930662557781201849 * 1174705187104089640352756731 * 1274194732898148471766404179653 * 80684370001269698853996151670133742711 * 310170251658029759045157793237339498342763245483 * 744909731145732233993613931089059528977143716201 * 97862727665480231246011008935563207741144491224418517422691228321 * 4266662839057986102285502119162080638872058454152278425256962985792707796691 * 3086378389952794464452477594457481658796144989454387663022612747109648355164040568369321 * 1574925327530097827316740006048273210133340202011849286635501821200201948035399431390177373370216701225808298063139414675742019859173250588155321047776889808746410175324810526194777599171351,PROVEN,3784,47,47
876,3 * 7 * 11 * 13 * 37 * 101 * 293 * 439 * 877 * 8761 * 9901 * 3601237 * 5911541 * 2212293763 * 12171337159 * 21307156489 * 247482272761 * 16692085818029 * 5774294197526381 * 6808458539691229 * 1855193842151350117 * 901966394523798764569 * 182202742802607835615596881 * 10826684964539959837294043117 * 111956960338863707579494311481 * 5830219322612939561246246317093 * 286578888976194997999922592330908602103011 * 3543809477510348590996879102037513609320141 * 49207341634646326934001739482502131487446637 * 3943828696311504418317587369596960932033847171 * 61144905745257441183391523202790304609284611733 * 39316310783659104892252157287077969239619734325044334592964583271 * 23593748551050409936688015200253053030029532433958916533719315706853 * 3355330990026625816780426205253910468424129764063859532844880973167015231161 * 9537037576103752545861071409967321761728999089417907986752766348817191016093460769 * 661828976175802596124520315896987844285331034125777808629277002254425371670207934687325349,PROVEN,3952,36,36
884,11 * 53 * 79 * 101 * 103 * 443 * 521 * 859 * 4013 * 63649 * 2071723 * 28559389 * 265371653 * 1058313049 * 1491383821 * 5363222357 * 21993833369 * 1248821288261 * 344954191876997 * 2324557465671829 * 6917979239326637 * 1900381976777332243781 * 70919383630417672662131 * 6219342207515923652594221 * 1661422610776235605151630089 * 2016492306990976282439501774196098215666169 * 329926770882952905235470361014177766008571741 * 32228072787206910077588738662288637382824935282889 * 1174617979307032343427336431000128382310817004889451708218371929 * 3223223954501479327423165941405274903133026914570794172630632038291499361359375290791990253041841 * 1222809112881054957482333784778500947505125605556339705344373826182388226051058385373807501056554769983252193191880010181453051182310767800176057994138047394190733 * 163582373590040771624280369535619051523628163052727911949100431647949484085511498559496169374135760873017428260344806457828114833245186887077505956717835284770804025134959210494023171849,PROVEN,3871,32,32
888,3 * 7 * 11 * 13 * 37^2 * 73 * 101 * 137 * 149 * 223 * 3109 * 4663 * 7253 * 9901 * 111149 * 2028119 * 61544617 * 99990001 * 247629013 * 708840373781 * 54615849443593 * 422650073734453 * 16444765848115921 * 23653713304547869 * 30557051518647307 * 31495401976675753 * 296557347313446299 * 669031686661427842829 * 2212394296770203368013 * 8845981170865629119271997 * 40548140514062774758071840361 * 90077814396055017938257237117 * 21606064498691505246200058094681 * 543309565743971477870075858731741 * 2228457285782705288389843210675909 * 48911689110891303706174193415115219 * 35267115916388035942705181992852854614802588780637908577449241 * 78423397189035946058321607200546180176617061948406580747828212881 * 987958734776503660730847298429926744644928427487850380038560428638070909650210480224210297181360032908354907525523774393 * 7413647414915912456095291913585548438617298422325378879679910834861418508044083512279141934598325099533634759172455661729929526151907909705700148668130193294652504402201795631932236872015298449,PROVEN,4005,40,41
900,3^2 * 7 * 11 * 13 * 19 * 31 * 37 * 41 * 61 * 101 * 151 * 181 * 211 * 241 * 251 * 271 * 601 * 1801 * 2161 * 3541 * 4201 * 5051 * 9091 * 9901 * 21401 * 25601 * 27961 * 29611 * 33301 * 52579 * 60101 * 139501 * 238681 * 261301 * 270001 * 333667 * 560701 * 2906161 * 3762091 * 3903901 * 4188901 * 5030101 * 7019801 * 39526741 * 2002877551 * 168290119201 * 182521213001 * 999999000001 * 8985695684401 * 14103673319201 * 78875943472201 * 1680588011350901 * 2636899200194401 * 4185502830133110721 * 25074091038628125301 * 97671987485517534751 * 4999437541453012143121 * 1105097795002994798105101 * 15763985553739191709164170940063151 * 38654658795718156456729958859629701 * 125899659866627764313267482289910001 * 152372720018473862927761564984708391701 * 10000099999999989999899999000000000100001 * 15397758037201072346990165180076989140801 * 278122726554927608421392646682775110116681922088002932901 * 3703689986333387654119799556297939637260602734804685908570705293684097466301976659345706127014344391317072899730001 * 999999900000004999999899999998000000199999995000000000000002999999999999995000000199999997999999900000004999999900000001,PROVEN,3906,67,68
910,11 * 41 * 53 * 71 * 79 * 131 * 239 * 271 * 547 * 859 * 911 * 4649 * 9091 * 14197 * 17837 * 123551 * 175631 * 909091 * 4147571 * 4262077 * 21705503 * 265371653 * 1058313049 * 43442141653 * 162503518711 * 2475034612051 * 1081846114760321 * 46205575684179731 * 102598800232111471 * 265212793249617641 * 316877365766624209 * 110742186470530054291318013 * 36942048382668980544619913561 * 5538396997364024056286510640780600481 * 72057037864038195989298527342262688886641 * 573236013626994277781022022978585654644947311 * 8396862596258693901610602298557167100076327481 * 5009499553764433156007921686514205741644754894222691 * 50678387411703889101759125785290439894389920385627096501794498837 * 139397282236319122569927698220829009751930337603755594300386510230285560351 * 32647385051525041661479792654516355809315046496410663779745524799749707387460867800164362111 * 1466817919595327188231351160432180116180213542961467363285140303495782586558277396794837473411809269073036798832404763045989876001215861751553184924252035281973147552669068625063450431325422201,PROVEN,4012,42,42
924,3 * 7^2 * 11^2 * 13 * 23 * 29 * 37 * 43 * 67 * 89 * 101 * 127 * 239 * 281 * 463 * 1933 * 2311 * 2689 * 4093 * 4621 * 4649 * 5237 * 6469 * 8317 * 8779 * 9901 * 21649 * 24179 * 42043 * 226549 * 459691 * 513239 * 590437 * 909091 * 7444361 * 10838689 * 22187551 * 29920507 * 121499449 * 599144041 * 1052788969 * 1056689261 * 5419170769 * 39511854229 * 183411838171 * 535212994471849 * 789390798020221 * 2361000305507449 * 1344628210313298373 * 4458192223320340849 * 4539402627853030477 * 4924630160315726207887 * 136094982876222218559943 * 234904066377148960506871003 * 156813120797253579231191970121 * 855877717157262831328185551318041 * 1098029578649556602125589785304822700373 * 75518863997370018078536594994311911106041 * 136614668576002329371496447555915740910181043 * 3925277248426748966984537733816767395325307476622633188305245093834818012069881 * 130547462818138630777456508666491939964821812774903307594092374520935816757936709 * 803956626149925031112757148192164970057208483589704631288984124647169634536861236854805849361 * 25561948931738399180959860493035633005346674997219855227412314112685523898853595360610683149167147379131162769,PROVEN,4252,63,65
930,3 * 7 * 11 * 13 * 31^2 * 37 * 41 * 211 * 241 * 271 * 311 * 373 * 2161 * 2791 * 9091 * 11161 * 44641 * 2906161 * 6943319 * 3590254957 * 50718862231 * 3925963357681 * 9294566806081 * 5167617497664851 * 22672589441232691 * 57336415063790604359 * 151063549389365288761 * 474226535398761166999927321 * 909090909090909090909090909091 * 6548241632713397411808073416931 * 553114664478262993662992814601370587114291 * 18381907262281244633158190677786966663091011 * 3093888678771257769541252942946202755752229401 * 1158334526259936604206939942487445760921582415411 * 1444995222335449603188159323083006708272788165772714534961 * 3092189186638711651761630213691413266133197806226014052371 * 900900900900900900900900900900990990990990990990990990990991 * 4857900688365130469291831549890842547443917376935406225054646143856579892970236911030721 * 311356050778390853515194982157798457569542012969741683230780943655658473371697366138417141225623774416801 * 6819860516528438433077418310524520238754588314691632053788978565013503616149286758592259106715704269404899319649430358535511,PROVEN,4179,40,41
940,11 * 41 * 101 * 271 * 941 * 3541 * 5641 * 6299 * 9091 * 20681 * 27961 * 45121 * 21997411 * 35121409 * 29096340761 * 518203357921 * 4855067598095567 * 190893195970004711 * 474181059033108701 * 1589908647339072250321 * 297262705009139006771611927 * 18465110677523332168571918701 * 316362908763458525001406154038726382279 * 2144906157509411684424913774078958939881 * 36278027867431861993452659830529311893020335861 * 1023037643093214557651333120422980213172396059301 * 605431706028029946531059199512572282414786250085768871 * 94518941227657738924275388203289075281658118450062185929972854243729690463660471 * 42157853280662310205321393137024198154146256810773381728147893015840621480436349967076290258995255358372987501 * 275470502026595918095622662444529838408035859152559589588391774948370157702113946705140409286985742346466789268894813963795774092351262475425561619290841 * 4286364887150220673583225059177107721806065475972215552125258086068959357115762795701840175683004019170941959169708082929486830943679876008361716880663960188314299305481,PROVEN,4170,31,31
942,3 * 7 * 11 * 13 * 37 * 4397 * 928813 * 3641773 * 301670477 * 24408664087 * 87550347583 * 386935254007 * 458274224329 * 5180282664612031 * 11427999892821876397004936937893 * 46362291155014458662283849816585346934219100138220618375160747209 * 9755872853901756680890615403191792297388117293582105055568357694889056982187114874692197915708047 * 62215843720305220554927390230621406393020456720568865828056666081536686988802881944531436460921074521 * 3163436454570849606598523279232435654261498358914446832597630787726928974906200018053239752601326111930021696487 * 1640259175221723797786233348156700513564345502781851447654042775375772294825108377125627674387206196531834389323135517030822828838413 * 56772494575417679209143612613936371702842084190817259161711159777577563483338093894447335028905724214106839545113870547643014663862360146330362411 * 1198502969560954086012481725168695397135830513406164199283390644836971622395777548502750249372319768692484414977114966914781995864448420397015346304418294720261680325683,PROVEN,4235,22,22
960,3 * 7 * 11 * 13 * 17 * 31 * 37 * 41 * 61 * 73 * 97 * 101 * 137 * 193 * 211 * 241 * 271 * 353 * 449 * 641 * 769 * 1409 * 2161 * 3541 * 9091 * 9901 * 19841 * 27961 * 69857 * 177601 * 206209 * 976193 * 1634881 * 1676321 * 2906161 * 4188901 * 5070721 * 5882353 * 6187457 * 18453761 * 39526741 * 99990001 * 1132716961 * 5964848081 * 66554101249 * 947147262401 * 75118313082913 * 834427406578561 * 9999999900000001 * 1253224535459902849 * 19721061166646717498359681 * 281259985248437790051014401 * 31388506438433752927908678241 * 100009999999899989999000000010001 * 349954396040122577928041596214187605761 * 53763491189967221358575546107279034709697 * 269540431689328877571039011529688228976641 * 25847314845878688998082949169327534633072641 * 1786971871341978412769793172635403245447905376001 * 315091637261160879997346594408168422516385623286349240690538356681453806401 * 543185295592672549499302394643640275918374120256093130759988042950370991361 * 2642485680977517391378418105893565400120906568749114540486543532701285392233930427735879112610561 * 99999999999999999999999999999999000000000000000000000000000000009999999999999999999999999999999900000000000000000000000000000001,PROVEN,4396,63,63
980,11 * 29 * 41 * 71 * 101 * 197 * 239 * 271 * 281 * 421 * 491 * 3541 * 4649 * 9091 * 18131 * 27961 * 123551 * 909091 * 3471301 * 4147571 * 13489841 * 121499449 * 268330861 * 336737801 * 505885997 * 23609565631 * 60368344121 * 366395073564101 * 102598800232111471 * 265212793249617641 * 354434210886621881 * 848654483879497562821 * 8274923251622825388807721 * 653518704357372488880162997801 * 32422034720694602873554553373241 * 1976730144598190963568023014679333 * 28706164502711390875680641913825481 * 5076141624365532994918781726395939035533 * 74689140199104459031993110210054016743223513365511 * 203516044706214609477702993254172225288278166588115003201602386454909778841 * 999999999999990000000000000099999999999999000000000000009999999999999900000000000001 * 268518285251996916122291111993206592643219262117557903651817212241734106267484004209003780641949203741 * 114829854565761905398975084119988233562137641986342864278805348541353628021441076133668350909404160578580106494602411458108349501 * 171885313809023973316297299617001972028698082056007969699724137675797535402763434997577528908814962221209301350715566313549141490281,PROVEN,4267,44,44
990,3^2 * 7 * 11^2 * 13 * 19 * 23 * 31 * 37 * 41 * 67 * 199 * 211 * 241 * 271 * 331 * 397 * 991 * 1321 * 2161 * 4093 * 5171 * 8779 * 9091 * 14851 * 21649 * 29611 * 34849 * 52579 * 62921 * 238681 * 333667 * 471241 * 513239 * 2906161 * 3762091 * 18679321 * 25973641 * 60834511 * 83251631 * 599144041 * 4124507971 * 7093127053 * 20163494891 * 183411838171 * 8985695684401 * 596298133647227881 * 1344628210313298373 * 4185502830133110721 * 318727841165674579776721 * 1300635692678058358830121 * 19835636682880495867311241 * 138267770127916457629034873443951 * 16860090181450569942798606214497570829921 * 1703548913892494075097664562023844278044121 * 1112314101311286003379752617807870409611285281 * 141122524877886182282233539317796144938305111168717 * 362853724342990469324766235474268869786311886053883 * 615655055734035221195426252779392540152920787787648791946189627968041 * 5898361538755660499929123185996968161779290911542722951712487387346014412041 * 14989771673443409019874558921389684608157138239906931183380750230163484811077013632926641 * 4206684498038111172352630480265140974563521454383297924856138530583282383722423657746513398102850528822990393243802645164956561376687149973938037761829706628771,PROVEN,4471,61,63
1008,3^2 * 7^2 * 11 * 13 * 17 * 19 * 29 * 37 * 43 * 73 * 101 * 113 * 127 * 137 * 239 * 281 * 337 * 1009 * 1933 * 2689 * 3169 * 4649 * 7841 * 8929 * 9901 * 10837 * 23311 * 45613 * 52579 * 98641 * 226549 * 333667 * 459691 * 909091 * 5274739 * 5882353 * 10838689 * 45121231 * 99990001 * 121499449 * 11189053009 * 41593295521 * 43266855241 * 999999000001 * 1921436048294281 * 3199044596370769 * 9999999900000001 * 603812429055411913 * 4458192223320340849 * 73765755896403138401 * 127522001020150503761 * 148029423400750506553 * 7064204436768358634702473 * 119968369144846370226083377 * 189772422673235585874485732659 * 2070270028985341766616009080161 * 1114737869182936469693737960974486017089 * 84127549110077880819608858067897680511169 * 111994624258035614290513943330720125433979169 * 22906246896437231227899575633620139766044690040039603689929 * 1433319827159466789806966856379479179916136529424792832495021393 * 11824792503914776383865492901019100670460517256833712771719617457 * 40455276360748528742442560829688448751215185778145671171534342753113 * 75863646933147015591828268401923986261986397730196168081539267851470929961346053360645853358874777126920177958883875403750336775844271700524766982560221150310256906229475838502330430737,PROVEN,4612,64,66
1020,3 * 7 * 11 * 13 * 31 * 37 * 41 * 61 * 101 * 103 * 211 * 241 * 271 * 409 * 613 * 1021 * 2161 * 3061 * 3541 * 4013 * 8161 * 9091 * 9901 * 26861 * 27961 * 87211 * 102001 * 210631 * 855781 * 2071723 * 2586721 * 2906161 * 4188901 * 5969449 * 28559389 * 39526741 * 52986961 * 134703241 * 262533041 * 787223761 * 1491383821 * 5363222357 * 21993833369 * 291078844423 * 5071197096181 * 5516286288241 * 7568346838961 * 8119594779271 * 77967508765681 * 225974065503889 * 2324557465671829 * 13168164561429877 * 237612993541791006121 * 377526955309799110357 * 4270914986978327797975291 * 17452955481423492661946457391 * 34194473116159546979818689031 * 44398000479007997569751764249 * 1988731184935761442996825520561 * 216219010761333454086082249502131 * 677827125083342723075551469213357648491441 * 4222100119405530170179331190291488789678081 * 114797635898427958794033542315180663747542680841 * 160220794821014452066741918303580917664386555934641 * 175137725562337579790651749196120587807233668420015131 * 2385503624916094046163570223793978575506412147454036200711 * 1051361091529803074497312148085134194834726090632313891925201 * 3486475319440674008607957277969304463510523376893744438151274361 * 390165385837451805986633040667495640526336339013830593297226360344237401,PROVEN,4523,69,69
1050,3 * 7^2 * 11 * 13 * 31 * 37 * 41 * 43 * 71 * 127 * 151 * 211 * 239 * 241 * 251 * 271 * 1051 * 1933 * 2161 * 2689 * 4201 * 4649 * 5051 * 9091 * 21401 * 25601 * 79801 * 123551 * 459691 * 909091 * 2906161 * 4147571 * 10838689 * 35120401 * 435288001 * 3612546001 * 29970369241 * 30703738801 * 182521213001 * 299547376801 * 625437743071 * 78875943472201 * 1661378260814161 * 102598800232111471 * 265212793249617641 * 3146327779391852182051 * 18276168846821336356291 * 18525843918490695886751 * 22771401850597648936801 * 57802050308786191965409441 * 991474271662986957800680951 * 17911809459808314248342142601 * 15763985553739191709164170940063151 * 10000099999999989999899999000000000100001 * 4401268665169140025731821222935000987130551 * 54442267778748734853078961420361450411594669214709944589849727424959801 * 24971969849212163241656989542667006849298004553698828087959894069143145851 * 29689777727695129732880485994429776791862651873860748152980797376212977017452165562616616651 * 924113758530847383764787530400912659976463549693743820952869672176334445090649182638712486115217201 * 186243861617073980885505452610064684612129749201325732764290050555482397120222194754557152744180256772035732524938930620412706217059111157975741996041453725977078102648969888751,PROVEN,4707,60,61
1060,11 * 41 * 101 * 107 * 271 * 1061 * 3541 * 4241 * 9091 * 10601 * 27961 * 538481 * 1103461 * 1659431 * 5051749 * 2040723131 * 1325815267337711173 * 47198858799491425660200071 * 3961565781890816563346704051 * 116721153193946736160194298023751 * 245391150214875249502685807421982149521 * 5087682140647502286078523305727177388588041 * 9090909090909090909090909090909090909090909090909091 * 75277048352808729626679875852901448034540173569840168229 * 1866584856050670751142049533200645741569755944852998334484263922627299824538001 * 280517222628603122390686614439126500799061436412421614868318075012972094155878306621 * 22534789481525070481066146802824209631029690388674663333618185041786620876200193924826168812981 * 33913181517084707700704620761515427690622077866060861977911749380448408900845560502173926937552593567761 * 2526777489848353556260463473948408884731636893126614892491647668607221061047888823703614571160074916162049747740059809135560066761697620048479221189904530026582759451 * 77107617210954370104069968894119072505511691158429086125012492642916812022149182797672604495991177026837559497474202270574990595009382397953651406094225451401296484645995376241,PROVEN,4646,30,30
1100,11^2 * 23 * 41 * 89 * 101 * 251 * 271 * 331 * 661 * 1321 * 3541 * 4093 * 5051 * 5171 * 7151 * 8779 * 9091 * 15401 * 18041 * 21401 * 21649 * 25601 * 27961 * 59951 * 60101 * 62921 * 148721 * 513239 * 2471701 * 7019801 * 83251631 * 486904001 * 1052788969 * 1056689261 * 1121407321 * 20163494891 * 182521213001 * 1501539197401 * 14103673319201 * 78875943472201 * 1680588011350901 * 133157371602664723858501 * 318727841165674579776721 * 1300635692678058358830121 * 212890462662706052906860201 * 1395900370916327245555441901 * 49094895915282817628267672401 * 36380545029953205956377406702261 * 2495283264895779020253203931608951 * 3668996113223183559833250396711179251902642533701 * 16110638360992570900426742492996398052881460699696765138501 * 126239370797267198368490274128272780260464262689211651471701 * 1491273678477173069027664948012233844398077028447940172193498801 * 44659135987047270733848138282609193992779311307114487270946545676364972087041313965550458035508373749740227131627209038723801 * 800107125395206239935430877758693441879338279715986854168759198643184320615090047781735227652512476232674239391299478587112475352432305219301 * 6069650333889644423896816835276507778804898705650161138729963603757211141984131085449988328049514249213169785004014797295919583814686411189300687347453551,PROVEN,4796,56,57
1140,3 * 7 * 11 * 13 * 31 * 37 * 41 * 61 * 101 * 191 * 211 * 229 * 241 * 271 * 571 * 761 * 1901 * 2161 * 2281 * 3041 * 3541 * 4789 * 9091 * 9901 * 20521 * 21319 * 27961 * 59281 * 63841 * 74861 * 1458973 * 2906161 * 4188901 * 7594681 * 10749631 * 39526741 * 70532941 * 304077901 * 417332341 * 211592942161 * 1812604116731 * 52875286008709 * 121450506296081 * 481612717573381 * 3685902392604541 * 722817036322379041 * 739653893349540289 * 909090909090909091 * 1111111111111111111 * 1369778187490592461 * 9025836525591423620461 * 11382273828031938028891 * 33950736420661075851541 * 3931123022305129377976519 * 43135513763991692454656851 * 117008737749609201563737321 * 1289981231950849543985493631 * 14634428294824755331225520581 * 18449288550044654139241919401 * 753201806271328462547977919407 * 780548018657747948342675331841 * 965194617121640791456070347951751 * 844267447094321323435601792968017601 * 219414044208440803345204019137889332111 * 324783939894016192422708375439566497511001 * 458192181720740635773018630313952996833801 * 4996731930447843676185843959746621491531100801 * 20547226778782170120539430083689730394727567536361 * 73124509027271484315312555621441516537129810417701929303321 * 212173711864877033323678263211660982317393722138464199806442253309790268543865277137628690401 * 3245978377655567212760904825925262846295198021902309330517162600205414882257480287263152055681,PROVEN,4836,71,71
1180,11 * 41 * 101 * 271 * 1181 * 1889 * 3541 * 9091 * 27961 * 35764621 * 193274561 * 430148941 * 3064985101 * 347811486461 * 366111286951 * 2559647034361 * 215168431547401 * 12013233555242641 * 6898649252938113791 * 1090805842068098677837 * 2353867026803341982771 * 25602601418102182972721 * 193428272579096534429098931 * 803454205095303821868753731 * 8505896978256278656680007081 * 4411922770996074109644535362851087 * 4340876285657460212144534289928559826755746751 * 75037358034332057078790154693096980495187922731710294362515981973078279750268757439593899891657607361 * 230175856669373992253976277974612031182496625023886807386072581333871027940087154579555293851089822885094561 * 2907131293216055549329555883885796814746678687962202509667060729657495398875648698596222904827974545076532182201 * 1174468140649914584097264138153408637853221082957239399275046690523556598768034374284436218737159495708861498925726659983288086179744161 * 520653324397227528554518392543013900878891270344020842934085764459790725432849518462993794988240361058638792443956485470892413349971308715379993067520813609439342049701 * 16561173823211136022363482802391645275515285493540308336921228754968742076311919668509658235206961323981740099150928539743521345087520827755740931867117645939836692779944140665257626271351,PROVEN,5476,33,33
1220,11 * 41 * 101 * 271 * 733 * 1831 * 2441 * 3541 * 4637 * 6101 * 9091 * 21961 * 27961 * 51241 * 81131 * 329401 * 974293 * 1587221 * 9818561 * 38981441 * 1360682471 * 23886931441 * 81183810541 * 217345835281 * 555818110301 * 106007173861643 * 28474644365651641 * 7061709990156159479 * 8950221294967070861 * 17751033585336286181 * 17716886277230798340041 * 2589575105599981821056130911 * 2447385101917578576518614756091 * 119724826129796860249638217747306760831 * 101444162656037151745878558385892753596849 * 30177150878514090521547663054628235944221777770161 * 39069669288697789469488625615834711944836425801981 * 11205222530116836855321528257890437575145023592596037161 * 15036424216810835394267218232384724378143658798913881034271601 * 27186363592392725942593454290345801336551729326489701011779461 * 75743388768260974116327848920184337528059461788181539337429709 * 29396948928240214513043372181142292774711501573237257023101752921 * 455137305294745983623339076793154863893252334886652646220893202880060879281 * 46389018100608689270432651452124297645484071574686691412784325113145223877494873357561801 * 987514761750377314044686248115773927874277757916135263387950191846440664775915261101432242060019802343954353410785845186369572771804641 * 1642269048916396301246801744101379821902073519810571143520576971928815724659633161556699837755221303434764527770131486856721570324295821,PROVEN,5396,46,46
1230,3 * 7 * 11 * 13 * 31 * 37 * 41^2 * 83 * 211 * 241 * 271 * 739 * 1231 * 2161 * 3691 * 9091 * 11071 * 148339 * 275521 * 538987 * 1364071 * 1811791 * 2906161 * 16344241 * 16419517 * 21158848681 * 626920594693 * 5317679142481 * 2670502781396266997 * 9425856976319889649 * 3404193829806058997303 * 436026711667335044426416921 * 201763709900322803748657942361 * 41766848698222033158540558591648271 * 234065099292222402013296307835793151 * 5440907236518498609451112390256369995629321 * 8414640003465161203119978906558054839526493 * 1102678522581138741425727962459101300689046291 * 1109649393276867840472199951726880949173205522051 * 1843455308146833369419577117401177102515401880306453871619994561 * 61051796035522969271171274876554178504544683763248923853725596423 * 25227559933282973049929756675369873687524422119109873612963516263168625757367193407132891393542516779351543564997326723299457284056291 * 125761437902016505677234724081955995672315729956135907016809707020411705489302810599648062430084467242774758397202086029812476912145657137081 * 37654445534598090531061637404570516695225922222356909916889395661871779838862063550827086195341481919418156260385301045484576632937146377914151 * 138183158798049844556158888076448825408549640572463918231240331821392549153929574484365989230246562499465926979047802323674799475877483012920787764390492206676112541676978157780319832830466369638431,PROVEN,5605,45,46
1260,3^2 * 7^2 * 11 * 13 * 19 * 29 * 31 * 37 * 41 * 43 * 61 * 71 * 101 * 127 * 181 * 211 * 239 * 241 * 271 * 281 * 421 * 631 * 1009 * 1933 * 2161 * 2521 * 2689 * 3541 * 4649 * 9091 * 9901 * 10837 * 23311 * 27961 * 29611 * 45613 * 52579 * 123551 * 131041 * 226549 * 238681 * 333667 * 459691 * 909091 * 2906161 * 3471301 * 3762091 * 4147571 * 4188901 * 5274739 * 10838689 * 13489841 * 39526741 * 45121231 * 121499449 * 1384194841 * 29970369241 * 30703738801 * 42681134161 * 43266855241 * 60368344121 * 142809770881 * 158201922061 * 424451728681 * 525326613841 * 625437743071 * 999999000001 * 8985695684401 * 1351855459456741 * 1661378260814161 * 1921436048294281 * 102598800232111471 * 265212793249617641 * 4185502830133110721 * 4458192223320340849 * 848654483879497562821 * 4999437541453012143121 * 18276168846821336356291 * 33822732328831925621101 * 1105097795002994798105101 * 56541586842121464411050521 * 57802050308786191965409441 * 139790941013628227711346421 * 19825744781339712457003608841 * 189772422673235585874485732659 * 1275784731048123659634702312820051 * 282448028612066894256984424869264385801 * 938366482703941691072746568832156530761 * 1063795972097308740343464151173592140661 * 229209947541611916250468549073491977346097487987121 * 538997893532635791994279014642452803821266462568112860601 * 22906246896437231227899575633620139766044690040039603689929 * 4512103729930413243964733865733316041820936901915809527857742889751595541910708971709035851 * 11108290524774718857610264134981628814531188613927062839999879470748868753057648924496754589305365294720505123322653309870820532191,PROVEN,5558,94,96
1380,3 * 7 * 11 * 13 * 31 * 37 * 41 * 47 * 61 * 101 * 139 * 211 * 241 * 271 * 277 * 461 * 691 * 829 * 1289 * 1381 * 2161 * 2531 * 3541 * 5521 * 9091 * 9661 * 9901 * 27961 * 31051 * 31511 * 74521 * 487831 * 509681 * 1569889 * 2906161 * 4188901 * 11313931 * 19277911 * 39526741 * 19707665921 * 93744372901 * 127688571001 * 194656286401 * 4107757827661 * 18371524594609 * 143574021480139 * 203864078068831 * 549797184491917 * 6193371433274461 * 20414137203567631 * 536430531035337769 * 8225357978845859081 * 439120676164610394481 * 757108543129939106221 * 11111111111111111111111 * 63691382029918881694921 * 24649445347649059192745899 * 59483540558994759763795801 * 316699822269639096888937801 * 1595352086329224644348978893 * 4181003300071669867932658901 * 5799951513941382144830754391 * 122403569491783662720773144041 * 354969305477178480614478251861 * 114061789660900413328637822705950861 * 53836677179343252802536411876638569921 * 73137716939443396538710479664316724061 * 19108466176791400681292709171992566565029 * 7386441591567953769105190285927615814299177561 * 1088692523027573678098234350084974616005410140417841 * 35645906496364306434849378023333297827811383782580351 * 870647723077443424730240122490394960350773424147330153671641266669332491181 * 15918798843849477568899983937931966555877132981347465830696251648192619376266439940521 * 204242351548925251893633264773947067986088317488293580275772558732707021165093113635856162801 * 43810325613739522298108991741277641747137547565878057174130075470872858289958280148759277150273598401 * 804791137698205712227875104211652255670618070071975559971188073748078291737835666205639770770978612281,PROVEN,6293,76,76
1460,11 * 41 * 101 * 271 * 293 * 3541 * 9091 * 27961 * 5911541 * 12171337159 * 16692085818029 * 405007685327621 * 5774294197526381 * 1574095173557315161 * 1855193842151350117 * 8383648187691944581 * 665787365080314723361 * 14947162642878875393981 * 182202742802607835615596881 * 10826684964539959837294043117 * 4941698957237831273165154533595725287181 * 286578888976194997999922592330908602103011 * 49207341634646326934001739482502131487446637 * 430290068517717503314541569581514324311872414409341453561896330801 * 1304946319836672523549871511207656785231498701576036930724645238399101906921 * 5528825275894858698684129584828307231241005568273768148118728392440732070424671 * 9537037576103752545861071409967321761728999089417907986752766348817191016093460769 * 124744480879691435734416198755419072449916709460656618355847811262345324810678696941209275254392782646129308243768284579780542826772001 * 209567419815575088893039502374017044565180465719504614143239653652312239618655809712098924957353042723741728874079596356118568603287093812371 * 5248855003692933364739585667866481201678356022616389680814320588021598396149319699845570559106183903505230306376836171496217871464621288358987576841 * 793084462855827171335753970699020081002924981454056931498319132299844099185216484891923333424235138982063044398547237214483804048283583256988890615083783536750038581006589754338020321 * 11260112207896040874002007107014124774805761321095776797478182328172015176628222795012170990924732503802736103829932798737583983791138174340456766434684366622613096537908123588539155307167594701,PROVEN,6611,32,32
1500,3 * 7 * 11 * 13 * 31 * 37 * 41 * 61 * 101 * 151 * 211 * 241 * 251 * 271 * 601 * 751 * 2161 * 3001 * 3541 * 4001 * 4201 * 5051 * 9091 * 9901 * 21001 * 21401 * 21751 * 25601 * 27961 * 60101 * 76001 * 162251 * 261301 * 1610501 * 2906161 * 3903901 * 4188901 * 7019801 * 39526741 * 47001751 * 1797655751 * 10893295001 * 168290119201 * 182521213001 * 4471031976001 * 14103673319201 * 78875943472201 * 176144543406001 * 473217092140501 * 1680588011350901 * 89285503565971501 * 25074091038628125301 * 25005172023963824973001 * 3405964732740856789870552501 * 59244397795882902986928930001 * 15763985553739191709164170940063151 * 38654658795718156456729958859629701 * 10000099999999989999899999000000000100001 * 36605832263463437733314604426708004731796978480010361966001 * 1375436107164906400113195032668541009729549504205143102033627145732751 * 4709825349852110182615878875374419529306990314325041101342026868334001 * 42051775804956304559810859008305819975199677041099230574273451704628125001 * 14332371646347867103751140722104256371688921437307256086517631268211025054763001 * 269409792871731627664586194662281233853701011108906726055753272681082282441709251 * 32886082501657187247904557195788749020689459942486319578774270656490822624175142646095920001 * 6209247929687718293872530970176361270188593487368651121607499902204345107547278766048583639501 * 15905910605959927957520599214257369978644811514228442375715283978375304416453709933630691450134077795142751 * 5772836960871551629739891702941582786046981888067577713935696090484780222936184202483806307259453794424863748245102369540143501 * 109575359828758075293742168666552696459889213210429652741942719688262644636207608778914867982474582923526030684077083071626992444546444935968523216723001,PROVEN,6378,69,69
1620,3^4 * 7 * 11 * 13 * 19 * 31 * 37 * 41 * 61 * 101 * 109 * 163 * 181 * 211 * 241 * 271 * 541 * 757 * 811 * 1459 * 1621 * 2161 * 3541 * 6481 * 8101 * 9091 * 9397 * 9901 * 19441 * 21871 * 27541 * 27961 * 29611 * 52579 * 61561 * 68041 * 119881 * 153469 * 238681 * 329941 * 333667 * 1577071 * 2462401 * 2906161 * 2925721 * 3762091 * 4188901 * 5222071 * 16357951 * 39526741 * 40435201 * 49229101 * 68189581 * 70541929 * 310362841 * 2458921051 * 14175966169 * 213872067091 * 258360989311 * 577603663291 * 999999000001 * 8985695684401 * 31023833790241 * 440334654777631 * 676421558270641 * 456502382570032651 * 4185502830133110721 * 29639179139212862101 * 4999437541453012143121 * 13029637224192121671301 * 610600386089858349939139 * 1105097795002994798105101 * 67128593062302476037266041 * 130654897808007778425046117 * 7997499229153265919258822361 * 59779577156334533866654838281 * 115690846857912397278375911371 * 483418418597220677238517353915231961831 * 292833529380862495499652402770042860551961 * 2187911623791867750065408022595894263802921 * 8610583349234340055547908764091017276717091 * 141849229571534821256183437819902857798933927761 * 902957305935680526667861848839993076071896366838581 * 79802900676249574386310013540996547368285959759708473463717727701 * 250093532125526915278352940802333503335240107302499957158939577140544111 * 216228542818328308783433809596084627890392881018159564738348653328755727601 * 1377206548249672561974389193550868011092077967769298773550347641588817070607865681921 * 36184868586619075547214474979916728567474724193812138011846129157788970353909164911894611 * 341796090604674881849636380229010216626944264336893367139245334739710314141368913850637159182300704681 * 99117149282563722929051566237497937720056695397183763904238474736246500418974132909060059378824349483926175101 * 14064388510567918931415103718536341889449837765445863106535952877209149111639559724304775413009931280562293699174624824991,PROVEN,7335,91,94
1740,3 * 7 * 11 * 13 * 31 * 37 * 41 * 59 * 61 * 101 * 211 * 241 * 271 * 349 * 1451 * 1741 * 2161 * 3191 * 3541 * 4003 * 9091 * 9901 * 16763 * 27961 * 33931 * 38861 * 43037 * 62003 * 72559 * 80911 * 591601 * 618049 * 997369 * 2906161 * 4188901 * 9605671 * 30104611 * 39526741 * 44293441 * 46659841 * 58765601 * 102019681 * 1134434761 * 2172376081 * 70350656881 * 77843839397 * 638453709757 * 2433146345771 * 135080726389891 * 15565833747318241 * 17996132431060961 * 2102595954900526861 * 15589280974996818911 * 297539144610727899181 * 1767955366388381478541 * 8538216023012034296071 * 157002934023127338801841 * 154083204930662557781201849 * 1174705187104089640352756731 * 1274194732898148471766404179653 * 2122059937446676383606257085781 * 4477350074169470752905544969081 * 14087942679857610940613213182901 * 925473240150495502771483432977308389 * 80684370001269698853996151670133742711 * 11811806375201836408679635736258669583187541 * 310170251658029759045157793237339498342763245483 * 744909731145732233993613931089059528977143716201 * 97862727665480231246011008935563207741144491224418517422691228321 * 4266662839057986102285502119162080638872058454152278425256962985792707796691 * 2004594328563924403139229874961691116225480361118012967681424919657782526297077161 * 3086378389952794464452477594457481658796144989454387663022612747109648355164040568369321 * 2022907403453455435045739409943184658625113693600363497128797657397794468271632034457525101 * 38500497070688096027556817882565728990416892548263819672284096593431517949011701136219584563960572421 * 3416328483006512256320335979072423448945322454006830297255949627404017992115810552611056496561408407441 * 26636991712927480521302468238210196842574038046073718232654640482565934665811782665421629637128815459489120609513028739841141750121254557418299333497201 * 1574925327530097827316740006048273210133340202011849286635501821200201948035399431390177373370216701225808298063139414675742019859173250588155321047776889808746410175324810526194777599171351,PROVEN,7656,77,77
1860,3 * 7 * 11 * 13 * 31^2 * 37 * 41 * 61 * 101 * 211 * 241 * 271 * 311 * 373 * 1861 * 2161 * 2791 * 3541 * 5209 * 9091 * 9901 * 11161 * 27961 * 44641 * 459421 * 2049349 * 2906161 * 4188901 * 6943319 * 39526741 * 3590254957 * 50718862231 * 3925963357681 * 9294566806081 * 5167617497664851 * 22672589441232691 * 26482637738395021 * 105966383429834881 * 57336415063790604359 * 151063549389365288761 * 306993468333255153181 * 474226535398761166999927321 * 22390769664507427965690714361 * 909090909090909090909090909091 * 6548241632713397411808073416931 * 139716865184144864008269344660199946429 * 37677420311908637019589121589205677966961 * 295188553361058681059167605734159744284801 * 553114664478262993662992814601370587114291 * 18381907262281244633158190677786966663091011 * 3093888678771257769541252942946202755752229401 * 1158334526259936604206939942487445760921582415411 * 483128549554512237305554588359039822397307149685578249 * 1444995222335449603188159323083006708272788165772714534961 * 1891014345342089253412148254805092014919223493735583702021 * 3092189186638711651761630213691413266133197806226014052371 * 900900900900900900900900900900990990990990990990990990990991 * 1387770812537486172424567765413032718466560432631753219117445147282909788805041 * 4857900688365130469291831549890842547443917376935406225054646143856579892970236911030721 * 311356050778390853515194982157798457569542012969741683230780943655658473371697366138417141225623774416801 * 1329715195291029266573799498844265388019920296298263850406876176165288274222191365801336476705156746969347581 * 357640999964236257644576374235721183076427881763885411823611483852508851614756267658524373235935767676406423590000357641 * 2824060999717591075967240892404687941259531205309234679469076729737362327026207286077379271406382377859361759390002824061 * 6819860516528438433077418310524520238754588314691632053788978565013503616149286758592259106715704269404899319649430358535511 * 2146644890017820932371428594631788567438802210652314972433604192953392329460076667088695100922984711653519922081763954795399076366216530380621,PROVEN,8426,65,66
1980,3^2 * 7 * 11^2 * 13 * 19 * 23 * 31 * 37 * 41 * 61 * 67 * 89 * 101 * 181 * 199 * 211 * 241 * 271 * 331 * 397 * 661 * 991 * 1321 * 2161 * 3541 * 4093 * 5171 * 8779 * 9091 * 9901 * 14851 * 18041 * 21649 * 27961 * 29611 * 34849 * 52579 * 62921 * 148721 * 238681 * 333667 * 471241 * 513239 * 2906161 * 3762091 * 4188901 * 11792881 * 17247781 * 18679321 * 25973641 * 39526741 * 60834511 * 83251631 * 599144041 * 1052788969 * 1056689261 * 1082745841 * 1121407321 * 4124507971 * 5419170769 * 7093127053 * 20163494891 * 79082656489 * 183411838171 * 999999000001 * 8985695684401 * 18516980928601 * 507868012934701 * 789390798020221 * 2361000305507449 * 5641784795021761 * 9000931379651641 * 13658444360377741 * 42107659742730781 * 596298133647227881 * 1344628210313298373 * 4185502830133110721 * 24993753891762056941 * 1449607260918327688981 * 4999437541453012143121 * 318727841165674579776721 * 1105097795002994798105101 * 1300635692678058358830121 * 1538607523068637497164701 * 6143203800519931376420641 * 19835636682880495867311241 * 1395900370916327245555441901 * 36380545029953205956377406702261 * 138267770127916457629034873443951 * 12573272907559818117031149894949981 * 565535931528718738579019314877232841 * 16860090181450569942798606214497570829921 * 81090046817672902899738765448699224348721 * 1703548913892494075097664562023844278044121 * 1112314101311286003379752617807870409611285281 * 141122524877886182282233539317796144938305111168717 * 362853724342990469324766235474268869786311886053883 * 53125155761987678805593513985958923168195287588798092019101 * 615655055734035221195426252779392540152920787787648791946189627968041 * 5898361538755660499929123185996968161779290911542722951712487387346014412041 * 8218476795659338409712353841905411607826230659151143998522545586866704239099075512109 * 14989771673443409019874558921389684608157138239906931183380750230163484811077013632926641 * 1894480662587906626213719003472037744324031299064496778010791034044578628744590947201792481 * 1387014925024169834410205963291731488397071251442605254923920978398579857926008183104258552015301 * 9136654770655396502256898477675587354933084555076992717263444830204254493731741521098899369900559993201 * 4206684498038111172352630480265140974563521454383297924856138530583282383722423657746513398102850528822990393243802645164956561376687149973938037761829706628771,PROVEN,8972,106,108
